report_id,date,year,month,division,district,department,service,amount_bdt,amount_bucket,is_high_amount,outcome,location,description,confirmation_count,is_verified,contact_redacted,source_url,scraped_at
391091e2-bbcb-4d2b-a6e2-36a0bb3c7a3f,2026-09-16T12:00:00.000Z,2026,2026-09,Dhaka,,Education Office,Certificate's Information Correction,3000,1001-5000,False,paid,Dhaka,"I needed to correct my name and parents name spelling in my academic document of HSC,SSC,JSC. I have applied but I didn't get approval of my application and application remains pending for several months. Later I tried to communicate with staff from Education Board and the man charged 5000Taka for doing this. Lastly for my urgency I had to pay him 3000 to approve my application.",1,False,False,https://www.ghush.site/,2026-09-16T15:29:15Z
b8ae4d95-4f41-4a0e-b0f3-8bf9e29de9ff,2026-09-16T11:00:00.000Z,2026,2026-09,Dhaka,,Other public service,বয়লারের লাইসেন্স নবায়,20000,>10000,True,paid,গাজীপুর,আমি কর্মরত প্রতিষ্ঠানের একটি বয়লারে লাইসেন্স নবায়নে কিছু কাগজপত্র নিয়ে জটিলতা তৈরি করে এবং ২০ হাজার টাকার মাধ্যমে তা দফারফা করা হয়। প্রতিবারই বিভিন্ন খুঁটিনাটি বিষয় নিয়ে ইস্যু তৈরি করে এবং তার টাকার মাধ্যমে সমাধান করা হয়। না হলে বিভিন্ন রকমের হয়রানি করে।,1,False,False,https://www.ghush.site/,2026-09-16T15:29:15Z
b09ca5c8-6c8a-4043-bcd9-85c160ffa1e8,2026-09-16T10:00:00.000Z,2026,2026-09,Dhaka,,Customs Office,বিদেশ থেকে আশা ওষুধ আটক,10000,5001-10000,False,paid,ঢাকা,"আমার বড় ভাই আমেরিকা থেকে আম্মার জন্য পোস্টঅফিস মাধ্যমে কিছু ওষুধ পাঠিয়ে ছিলো, আসতে দেরি হচ্ছিল। মাস খানেক পরে আমার আম্মার নামে চিঠি আসে, ওখানে লিখা ছিলো কাস্টমস, বৈদেশিক ডাক বিভাগ কোনো কারণে ওষুধ গুলো আটক করেছে। পরবর্তীতে যোগাযোগ করার পর আমার কাছে ১০০০০ টাকা দাবি করা হয় আর ৫০০০ এ আমার সাথে রফাদফা হয়। তারপর আমি পোস্টঅফিস থেকে ওষুধ পাই!",2,False,False,https://www.ghush.site/,2026-09-16T15:29:15Z
304e170c-b755-455f-bf7d-c036f70f69cb,2026-09-16T10:00:00.000Z,2026,2026-09,Chattogram,,Other public service,পুলিশ ক্লিয়ারেন্স,500,<=1000,False,paid,চৌদ্দগ্রাম কুমিল্লা,নতুন পুলিশ ক্লিয়ারেন্সের জন্য খরচ বাবদ অর্থ দাবী।,1,False,False,https://www.ghush.site/,2026-09-16T15:29:15Z
90e6944e-92a9-4994-b8f6-f17d89855951,2026-09-16T09:00:00.000Z,2026,2026-09,Dhaka,,Other public service,General Diary,100,<=1000,False,paid,Dhaka,কামরাঙ্গীরচর থানায় জিডি করতে গেলে ১০০ টাকা অনলাইন চার্জ বাবদ দাবি করে।,1,False,False,https://www.ghush.site/,2026-09-16T15:29:15Z
fb700959-c917-4c83-ab56-c8831f76a668,2026-09-16T09:00:00.000Z,2026,2026-09,Rajshahi,,Land Office,নামজারি,14000,>10000,True,refused,"পিপরুল, নলডাাঙ্গা, নাটোরে।",নামজারি করতে দালাল চেয়েছে,0,False,False,https://www.ghush.site/,2026-09-16T15:29:15Z
12276153-459d-4d5d-9ac9-acce1e120b01,2026-09-16T09:00:00.000Z,2026,2026-09,Dhaka,,Tax Office,mushak,1000,<=1000,False,paid,mirpur dhaka,every month we have to pay 1000 taka for smooth business operation otherwise they disturb over phone.,1,False,False,https://www.ghush.site/,2026-09-16T15:29:15Z
15e81be3-7322-4d9f-9220-a671e6420034,2026-09-16T08:00:00.000Z,2026,2026-09,Rajshahi,,Public Hospital,রোগী পরিবহনের ট্রলি বা হুইল চেয়ার,200,<=1000,False,paid,বগুড়া,সিটি স্ক্যানের জন্য ট্রলি চাইলে বলে দুইশ টাকা দিলে ট্রলিতে রোগী উঠাবে। আবার রোগীর ছুটির পর ট্রলি চাইলে বলে একশ টাকা দিলে ট্রলি পাবেন। বাধ্য হয়ে পরিশোধ করতে হয়েছে।,0,False,False,https://www.ghush.site/,2026-09-16T15:29:15Z
b5ffb5a2-a4f0-4868-b52d-47652674fe4c,2026-09-16T07:00:00.000Z,2026,2026-09,Rajshahi,,Education Office,নাম সংশোধন ও সনদপত্রের ভাষা(ইংরেজি) পরিবর্তন ।,3000,1001-5000,False,refused,রাজশাহী,"আমার মাধ্যমিক সনদপত্রের অভিভাবকের নামের ভুল সংশোধন ও ভাষা পরিবর্তনের আবেদন করেছি । সব প্রক্রিয়া ঠিক করেছি । তবুও তারা আমাকে কোন প্রকার সাহায্য করছে না বা আমার কাজে গুরুত্ব দিচ্ছে না । শুধু আমাকেই নয় সবাইকেই সাহায্য করছে না, বরং সবাইকে অবহেলা ও লাঞ্ছনা শিকার হতে হচ্ছে । তারা একজন থেকে আরেক জনের কাছে অর্পণ করছে । প্রত্যেকেই তাদের চাহিদা অনুযায়ী অর্থ আবেদন করছে । তাদের আবেদন প্রত্যাখ্যান করায় তারা অপমান লাঞ্ছনা করা সহ কোন কাজ করছেই না । এটা শুধু আমার সাথেই না সবার সাথেই হচ্ছে ।",28,False,False,https://www.ghush.site/,2026-09-16T15:29:15Z
f6ab9061-ba61-4e3d-82e3-69c197239222,2026-09-16T07:00:00.000Z,2026,2026-09,Dhaka,,Other public service,ট্রেড লাইসেন্স নবায়ন,1000,<=1000,False,paid,Gazipur,আমার ট্রেড লাইসেন্স নবায়ন করতে হবে। ট্রেড লাইসেন্স এর ফি দেওয়া হয়েছে অতিরিক্ত আরো ১ হাজার টাকা দেওয়া লাগছে। টাকা না দিলে দেরি হবে।,20,False,False,https://www.ghush.site/,2026-09-16T15:29:15Z
d5f5fcfd-6e77-478c-b91f-1e98f5b0739d,2026-09-16T07:00:00.000Z,2026,2026-09,Chattogram,,Other public service,কক্সবাজার জেলা ও উপজেলা পর্যায়ে দেশীয় এবং বিদেশী এনজিও প্রকল্প বাস্তবায়নের জন্য ঘুস,5000,1001-5000,False,refused,"কক্সবাজার জেলা প্রশাসকের কার্যালয়ে এবং চকরিয়া, টেকনাফ, উখিয়া","এনজিও প্রকল্প কার্যক্রমের অনুমোদন এবং প্রকল্প বাস্তবায়ন শেষে প্রত্যয়ন পত্র গ্রহনের জন্য ঘুস দাবি করে। ঘুস না দিলে অনুমোদন এবং প্রত্যয়ন পত্র প্রদান করে না। কক্সবাজার জেলা প্রশাসকের কার্যালয়ের এনজিও সেলের অফিস সহকারী/ডিএ এবং চকরিয়া, সদর, উখিয়া এবং টেকনাফ উপজেলা নির্বাহী অফিসার কার্যালয়ের ডেস্ক থেকে (সহকারী/ডিএ) ঘুস দাবী করে এবং ঘুস ছাড়া কোন কাজ করে না। যাহার ফলে কার্যক্রম বাস্তবায়ন দেরী হয়। পরবর্তীতে উচ্চ পদস্থ কর্মকর্তাদেরকে অবহিত করলে তাহা অনুমোদন পাওয়া যায় আবার মাঝে মাঝে দেরী হয়। কিন্তু পরবর্তীতে ডেস্ক থেকে (সহকারী/ডিএ) অনেক অপমানিত করে এবং দাখিলকৃত নথি খুজে পায় না। যদিও নথি দাখিলের প্রমান দেখানো হয় তখন বলে আবার দাখিল করতে হবে।",8,False,False,https://www.ghush.site/,2026-09-16T15:29:15Z
d2d4d566-d7d0-44af-8e38-109662c4beda,2026-09-16T06:00:00.000Z,2026,2026-09,Chattogram,,Customs Office,চিঠিপত্র যোগাযোগ শাখায় জমা দেয়া,150,<=1000,False,paid,চট্টগ্রাম,"কাস্টমস হাউস, চট্টগ্রামের যোগাযোগ শাখায় যে কোন চিঠি জমা দিতে ১৫০/- করে দিতে হয়।",4,False,False,https://www.ghush.site/,2026-09-16T15:29:15Z
61d1a07c-ecb4-45c7-8f03-e6b0a0d66c05,2026-09-16T05:00:00.000Z,2026,2026-09,Dhaka,,Other public service,ফায়ার লাইসেন্স অনলাইন রিনিউ,35000,>10000,True,paid,ঢাকা,"ফায়ার লাইসেন্স অনলাইন রিনিউ এবং পুনঃ মাশুলের কথা বলে প্রত্যেক লাইসেন্সের বিপরীতে ৩৫,০০০ টাকা ঘুষ দাবি করা হচ্ছে। ঘুষ দিয়ে কাজ করা হচ্ছে।",4,False,False,https://www.ghush.site/,2026-09-16T15:29:15Z
a99066c1-4484-4fe7-ad60-4c95642bd251,2026-09-16T05:00:00.000Z,2026,2026-09,Rajshahi,,Other public service,মাঠ পরচার কাগজ উত্তলন,1000,<=1000,False,refused,বগুড়া,মাঠ পরচার কাগজ উত্তলন করতে গিয়েছিলাম বগুড়া সেটেলমেন্ট অফিসে। প্রিন্ট কপি ও অফিসিয়ালি সাক্ষর সহ কাগজ পাবো কিন্তু 1০০০ টাকা দিতে হবে।,1,False,False,https://www.ghush.site/,2026-09-16T15:29:15Z
e2e650e9-3fd2-4555-ba31-4bf9e11f54e5,2026-09-16T05:00:00.000Z,2026,2026-09,Rajshahi,,Other public service,জন্ম নিবন্ধন ঠিক করার জন্য,1600,1001-5000,False,paid,"গুনাহার,দুপচাঁচিয়া,বগুড়া",ইউনিয়ন পরিষদ এ জন্ম নিবন্ধনের বাবা মা র নাম ঠিক করার জন্য।চার দিন ঘুরাইছে আমার মা কে আজ না কাল আসেন এই বলে।পরের বার বলা হইছে ৩০০০ টাকা লাগবে শেষমেশ ১৬০০ টাকায় করে দায়,6,False,False,https://www.ghush.site/,2026-09-16T15:29:15Z
15eec599-c76d-404e-90e0-171b68276365,2026-09-16T04:00:00.000Z,2026,2026-09,Dhaka,,Public Hospital,পেইং বেড পাওয়ার জন্য,300,<=1000,False,paid,ঢাকা,"আমরা জাতীয় হৃদরোগ ইনস্টীটীউট এ আমার বাবাকে ভর্তি করাই। ওয়ার্ডবয়গুলো চা-নাস্তার নামে ৩০০টাকা, হুইল চেয়ারের জন্য ৫০০টাকা, আর এঞ্জিগ্রামের সিরিয়ালের জন্য ১০০০ টাকা চায়",2,False,False,https://www.ghush.site/,2026-09-16T15:29:15Z
9a759020-d04e-4933-b003-d1946a89a393,2026-09-16T04:00:00.000Z,2026,2026-09,Dhaka,,BRTA,ড্রাইভিং লাইসেন্স,4000,1001-5000,False,paid,ঢাকা,"আমার ড্রাইভিং লাইসেন্সের জন্য পরীক্ষা ছিল। আমাকে এক দারোওয়ান বলে যে ঘুষ ছাড়া কিয়ামত পর্যন্ত পাশ করতে পারতেন না। আমি নিরুপায় হয়ে ৫২০০ বলেছিলো, আমার কাছে ৪০০০ টাকা ছিলো, উনি ওটাতেই রাজি হয়ে যায়। পরে উনিই সব জায়গায় ভিআইপি ট্রিটমেন্ট দেয়। মজার বিষয় হলো ৪০০০ এর কম করতে চাইলে বলে, ""আল্লাহর ওয়াসতে মাফ করবেন, এই হলে আসেন, না হলে আবার আসেন, এমনিতেও তিনবার দিতেই পারেন, শেষবারেই আসেন। ভালো কথা আপনাদের পরিচয় কি?""",2,False,False,https://www.ghush.site/,2026-09-16T15:29:15Z
39b61ba3-022b-43c6-a42a-de7cc1dc7c84,2026-09-16T03:00:00.000Z,2026,2026-09,Mymensingh,,Other public service,ইউনিয়ন সেবা,400,<=1000,False,pending,"৪নং মাওহা ইউনিয়ন পরিষদ, ভুটিয়ারকোনা বাজার, গৌরীপুর","নতুন এনআইডি কার্ডের প্রয়োজনীয় কাগজপত্র সংগ্রহ যেমন চেয়ারম্যান প্রত্যয়ন পত্র, ট্যাক্স রশিদ এর জন্য ৪০০ টাকা প্রদান করতে বাধ্য করা হচ্ছে। যদিও ট্যাক্স রশিদ মাত্র ১৫০ টাকার। কিন্তু টাকা নিচ্ছে প্রতি এনআইডি কার্ডের জন্য ৪০০ টাকা।",1,False,False,https://www.ghush.site/,2026-09-16T15:29:15Z
8175e82f-83fc-45a1-97ad-c291572e879a,2026-09-16T03:00:00.000Z,2026,2026-09,Chattogram,,Customs Office,ডিপোতে এক্সপোর্ট ডকুমেন্টস পাস প্রসঙ্গে,40000,>10000,True,paid,চিটাগং বি এম ডিপো,আমাদের সমস্ত কাগজ পত্র থাকা সত্তে ও নানান ভাবে হয়রানি করতে থাকে । আমরা বিগিত ২৫ বছর জাবত একটি বায়ার বা ক্রেতা এর পণ্য সরবরহ করে থাকি । গত ৩ দিন আগে পণ্য পাঠালে ডিপো এর কাস্টমস কর্মকরতা নানান ভাবে হয়রানি করতে থাকে এবং ২ দিন পর্যন্ত আটকে রাখে । নানান কাগজপত্র চায় আমারা সমস্ত কাগজ দাখিল করি সর্বশেষ কোন কিছু না পেয়ে বলে এই পণ্য যাবে না এই পণ্য এক্সপোর্ট পণ্য নয় এই গুলো স্টকলট পণ্য । সর্বশেষ তিনি বলেন করে দিচ্ছি ৪০০০০/= টাকা লাগবে। বাধ্য হয়ে টাকা পরিষদ করা লাগলো তার পরে তিনি কাগজ সম্পূর্ণ করলেন। এই হচ্ছে আমাদের দেশ এর অবস্থা।,2,False,False,https://www.ghush.site/,2026-09-16T15:29:15Z
9b6ffc0c-c13d-4e62-8ec1-5c4206b5b34e,2026-09-16T03:00:00.000Z,2026,2026-09,Rajshahi,,Land Office,", জমির নাম জারি",5000,1001-5000,False,paid,সিরাজগঞ্জ,"জমির নাম জারি করতে 1200 টাকার কম সরকারি কোষাগারে জমা দিতে হয় কিন্তু 6000 টাকা দেবার পর তা সুন্দর করে করে দিল। এটি পঙ্গাশি ইউনিয়ন ভূমি অফিস, উপজেলা রায়গঞ্জ, জেলা সিরাজগঞ্জ।",3,False,False,https://www.ghush.site/,2026-09-16T15:29:15Z
a13fab19-26d1-4221-9b8d-23ac687940ab,2026-09-16T03:00:00.000Z,2026,2026-09,Mymensingh,,Land Office,ভুমি উন্নয়ন কর,10000,5001-10000,False,paid,"ফুলকোঁচা,মেলান্দহ,জামালপুর",আমার ব্যাক্তিকৃত মালিকানা জামির জন্য খতিয়ান ও ভুমি উন্নয়ন কর করতে ভুমি অফিসে গিয়েছিলাম কিন্তু সেখান কার কর্মকর্তারা আমাদের কাছ থেকে অতিরিক্ত টাকা দাবি করা হয়। অতিরিক্ত টাকা না দিলে কাজ নাকি তারা তারি বা সম্পূর্ণ হবে না তাই সব শেষে উপায় না পেয়ে আমরা টাকা দিতে বাধ্য হয়। সেই দাবি কৃত টাকা দেওয়ার পরেই পূনরায় আবার টাকা দাবি করা হয়,3,False,False,https://www.ghush.site/,2026-09-16T15:29:15Z
9ace76fc-1e74-4d95-abf8-0f39f17dba57,2026-09-16T01:00:00.000Z,2026,2026-09,Mymensingh,,Other public service,মোবাইল হারিয়ে থানার জিডি করণ।,300,<=1000,False,paid,ময়মনসিংহ,আমার Redmi note 11 মোবাইল সেটটি হারিয়ে কোতোয়ালি থানায় জিডি করতে গেলে খরচ বাবদ ৩০০ টাকা রাখা হয়েছে।,2,False,False,https://www.ghush.site/,2026-09-16T15:29:15Z
1099838b-dd29-4a59-aaa8-25e2a7bbb889,2026-09-15T20:00:00.000Z,2026,2026-09,Dhaka,,Land Office,Registering part of a land that was not officially registered due to the officer's miscalculation,700000,>10000,True,paid,Dhaka,"I had to re-register part of my land that was not officially registered due to the officer's miscalculation during the land survey. It was registered before, but during a re-survey, they miscalculated. I had to bribe to re-register my own land.",3,False,False,https://www.ghush.site/,2026-09-16T15:29:15Z
03b8390e-5b29-417f-8b6b-565b7d06f824,2026-09-15T17:00:00.000Z,2026,2026-09,Rajshahi,,Land Office,নামজারি,40000,>10000,True,paid,বগুড়া শেরপুর,পাঁচ টা নামজারি করেছি কন্টাক হয়েছিল তিরিশ হাজার টাকা ৬০০০ টাকা করে এখন বলতেছে চল্লিশ হাজারী দিতে হবে ৮০০০ করে তাছাড়া ডিসিআর দিব না এবং আমি দিতে বাধ্য হই পরিশোধ করে দিস ইয়ার নিয়েছি চল্লিশ হাজার টাকা দলিলের মধ্য কোন ঝামেলা ছিল না এখনকার দলিল করা একদম লিগাল আবার দুই তিনটা দলিল যদি একটা খারিজ করতে চাই সেটাও করে দিতে চায় না আলাদা আলাদা করে খারিজ করে। টাকা আরো বেশি নেয়,3,False,False,https://www.ghush.site/,2026-09-16T15:29:15Z
061b63cc-741e-4f49-bc5d-7cdc8cf2c44d,2026-09-15T15:00:00.000Z,2026,2026-09,Dhaka,,Sub-Registry Office,ই-এপোস্টিল বিবাহ সনদ/কাবিননামা,5000,1001-5000,False,paid,ঢাকা,"কাজী সাহেব বলেন অনেক খরচাপাতি আছে, রেজিস্ট্রি অফিসে, ডিসি অফিসে, পররাষ্ট্র মন্ত্রণালয়ে টাকা দেয়া লাগে। আমার কাছে আরোও ৩-৪ টা ফাইল পড়ে আছে, ৭০০০/৮০০০ করে দিয়ে গেছে তারা, তুমি বাবা এলাকার মানুষ এখন ৫০০০ দেও পরে লাগলে ফোনে জানাবো, তখন দিও। এগুলাতে অনেক টাইম লাগে বুজছো। পুনশ্চঃ রেজিস্ট্রি অফিস থেকে কাজীর কাছে পাঠাবে, কাজী দেখে বই নাম্বার মিলিয়ে ওকে করলে ফরেন মিনিস্ট্রি পর্যায়ক্রমে ভেরিফাই করে ৫ দিনে বিনা পয়সায় সেবা দেয়ার কথা। কিন্তু বাংলাদেশ বলে কথা। এখানে সুযোগের অভাবে আমি নিজেও সৎ, ঠিক এই রকমই সবাই আমরা।",1,False,False,https://www.ghush.site/,2026-09-16T15:29:15Z
53dfe4dc-005d-4849-9a06-4bffbbf514ea,2026-09-15T15:00:00.000Z,2026,2026-09,Dhaka,,Other public service,বি ডি এস জরিপ করতে টাকা,100000,>10000,True,refused,Dhaka,"আমার সকল বৈধ কাগজ থাকা সত্ত্বেও বি ডি এস জরিপ করে, আমরা BDS সার্ভে খতিয়ান দিচ্ছে না! বলে ১ লাখ টাকা দিতে হবে! আমি দেইনি তাই BDS সার্ভে খতিয়ান দিচ্ছে না!",3,False,False,https://www.ghush.site/,2026-09-16T15:29:15Z
c2132211-bd64-4fcf-acba-b4503002d3d4,2026-09-15T14:00:00.000Z,2026,2026-09,Dhaka,,Other public service,আনসার ভিডিপি,30000,>10000,True,refused,শরিয়ত পুর,"আমি ভিডিপিতে চাকরির জন্য আবেদন করছি, পরে এক কর্মকর্তা বলছে ৩০ হাজকর টাকা দিতে হবে।",2,False,False,https://www.ghush.site/,2026-09-16T15:29:15Z
46170d1b-93b9-4fdd-9d09-d87eae50f350,2026-09-15T13:00:00.000Z,2026,2026-09,Dhaka,,Land Office,নাম জারি,3000,1001-5000,False,paid,বাজিতপুর উপজেলা,নামজারি সম্পন্ন হওয়ার পর আমাকে উপজেলা ভূমি অফিস কর্মকর্তা ফোন করে জানান আপনার নামজারি সম্পূর্ণ হয়েছে অতএব আপনি আপনার খতিয়ান অফিস থেকে এসে ডিসিআর ফি পরিশোধ করে নিয়ে যান পরে আমি আমার একজন নিকটস্থ ভাইকে অফিসে পাঠালে তার কাছে ৩০০০ টাকা ডিসিআরফি দাবি করে পরে সে ২০০০ টাকার মাধ্যমে ডিসিআরফি সংগ্রহ করতে বাধ্য হয়।,3,False,False,https://www.ghush.site/,2026-09-16T15:29:15Z
e2d88e90-65c5-43d0-9860-0f77df36709b,2026-09-15T13:00:00.000Z,2026,2026-09,Dhaka,,Other public service,আবেদন জমাদান,300,<=1000,False,paid,ঢাকা,বাংলাদেশ সরকারি কর্ম কমিশনে জমাদানের জন্য একটি আবেদন নিয়ে যাই। যিনি নিচ্ছিলেন তিনি চা-নাস্তা বাবদ টাকা দাবি করে বসেন। বলেল টাকা না দিলে ফাইল উপরে যাবে না। এরকম অনেক ফাইল পড়ে আছে। আমার কাজটির জন্য খুব ছিলো তাই কিছু টাকা দিলে উনি আরো বেশি দাবি করে বসেন। বিপিএসসির মতো এমন প্রতিষ্ঠানে এটা সত্যি অপ্রত্যকশিত ছিলো।,1,False,False,https://www.ghush.site/,2026-09-16T15:29:15Z
e139a344-c276-41da-8cd7-9f70ec0658e5,2026-09-15T13:00:00.000Z,2026,2026-09,Dhaka,,Land Office,খাজনা,5000,1001-5000,False,paid,ঢাকা,খাজনা এর পরিমান আসে ৫১০০ কিন্তু দাবি করা হয় ১০০০০ টাকা।,2,False,False,https://www.ghush.site/,2026-09-16T15:29:15Z
85cc3fdd-e179-4cbe-a8f4-a8fbe8485287,2026-09-15T11:00:00.000Z,2026,2026-09,Rajshahi,,Customs Office,মাসিক ভ্যাট প্রদান,20000,>10000,True,paid,বগুড়া,কি ঘটেছিল তা লিখছি না । বরং কি ঘটে মাসে মাসে তা বলছি। মাসিক ভ্যাট প্রদান। এক নিরন্তর মাসিক ঘুষ এর বন্দোবস্ত । আলাদা আলাদা খাম করে দিতে হয় সাহেবদের। যে টাকা উনারা নেয় তা রাষ্ট্র পেলে রাষ্ট্রের উন্নয়ন হতো। এ দেশে আসলেই কি দেখার কেউ আছে?,1,False,False,https://www.ghush.site/,2026-09-16T15:29:15Z
437004fd-c771-4dcc-a5aa-41b8845606dd,2026-09-15T11:00:00.000Z,2026,2026-09,Barishal,,Other public service,ভোটার আইডি তথ্য যাচাই বাছাই,5000,1001-5000,False,paid,ভোলা,নতুন ভোটার হওয়ার জন্য আমি আবেদন করি। সেই আবেদন ফরম নিয়ে ইউনিয়ন পরিষদে যাই সেখানে তথ্য যাচাই-বাছাইয়ের স্বাক্ষর নিতে এবং মেম্বারের স্বাক্ষর নিতে আমার কাজ থেকে ৫০০০ হাজার টাকা দাবি করা হয় পরবর্তীতে ইমারজেন্সি কোন উপায় না পেয়ে দুইদিন পর তা পরিশোধ করে স্বাক্ষর এবং সিল ইউনিয়ন পরিষদের কম্পিউটার অপারেটর আমার কাছ থেকে নিয়েছি। এই হল অবস্থা।,2,False,False,https://www.ghush.site/,2026-09-16T15:29:15Z
84d319e2-5e00-4b15-95ca-e732e2ee4480,2026-09-15T11:00:00.000Z,2026,2026-09,Dhaka,,Other public service,হাইকোর্ট / জজকোর্ট থেকে প্রয়োজনীয় কোন কাগজ উত্তোলন / যেকোন ধরনের সেবা,20000,>10000,True,pending,ঢাকা,হাইকোর্ট এ মাননীয় জজ এর ব্রেঞ্চসহকারী অফিসার মামলার রায়ের কপি টাকা না দিলে কোন ভাবেই দিবেন বলে দিয়েছেন।,36,False,False,https://www.ghush.site/,2026-09-16T15:29:15Z
78809879-7b02-4e0e-96b1-bb07b287b018,2026-09-15T11:00:00.000Z,2026,2026-09,Dhaka,,Land Office,জমির দাগ এ ইচ্ছাকৃত ভুল,100000,>10000,True,refused,"বাঁশতৈল, মির্জাপুর , টাঙ্গাইল",জমি কেনা হইছিল কিছু বছর আগে নতুন রেকর্ড হয় কয়েক মাস আগে এখন সেই রেকর্ড এ জমি এর পরিমাণ কম দেখিয়ে টাকা দাবি করছে ১০০০০০ টাকা না দিলে ঠিক করবে না,36,False,False,https://www.ghush.site/,2026-09-16T15:29:15Z
8e800c04-5085-4cae-a1a6-01a0d0990173,2026-09-15T10:00:00.000Z,2026,2026-09,Barishal,,Other public service,পুলিশ ক্লিয়ারেন্স সার্টিফিকেট,1500,1001-5000,False,paid,পিরোজপুর,"আমি পুলিশ ক্লিয়ারেন্স করার জন্য থানাতে গিয়েছি তারপরে তাদের দেড় হাজার টাকা দাবি করেছে, টাকা না দিলে কাজ হবেনা তাই বাধ্য হয়ে আমি ১০০০ টাকা প্রদান করেছি,",34,False,False,https://www.ghush.site/,2026-09-16T15:29:15Z
3161bb26-8ac3-4cdc-839c-d43c0b4fdd11,2026-09-15T09:00:00.000Z,2026,2026-09,Dhaka,,Other public service,"মোবাইল হারানোর পরে জিডি করা হয়। তখন পুলিশ বলে মোবাইল পাওয়া গেছে এখন নিতে হলে ৫,০০০ টাকা লাগবে।",5000,1001-5000,False,paid,"কিশোরগঞ্জ, কটিয়াদী মডেল থানা","মোবাইল হারানোর পরে জিডি করা হয়। তখন পুলিশ বলে মোবাইল পাওয়া গেছে এখন নিতে হলে ৫,০০০ টাকা লাগবে।",36,False,False,https://www.ghush.site/,2026-09-16T15:29:15Z
a764fc2e-2425-407f-9c3c-1254d6b3a867,2026-09-15T09:00:00.000Z,2026,2026-09,Dhaka,,Other public service,বেসরকারি উপ স্বাস্থ্য কেন্দ্র পরিদর্শন,1000,<=1000,False,paid,গাজীপুর,"আমাদের বেসরকারি উপ স্বাস্থ্য কেন্দ্র পরিদর্শন করতে এসে, যাতায়াত খরচ দাবি করে। ১০০০ টাকা নিয়ে যায়।",18,False,False,https://www.ghush.site/,2026-09-16T15:29:15Z
44adadb5-5d88-4e23-a101-616ee26570bc,2026-09-15T08:00:00.000Z,2026,2026-09,Dhaka,,Education Office,PRL ও লাম্পগ্রান্ট বাজেট বরাদ্দ,20000,>10000,True,paid,Dhaka,মাধ্যমিক ও উচ্চ শিক্ষা অধিদপ্তরের আমার আব্বুর পি আর এল ও লাম্পগ্রান্ট বাজেট বরাদ্দের জন্য বাজেট বরাদ্দ শাখার অফিসার ও কর্মচারী ১ মাস ঘুরায়। উপায় না পেয়ে আব্বুর পেনশন চালুর উদ্দেশ্য ২০ হাজার টাকা ঘুষ দিতে বাধ্য হই।,8,False,False,https://www.ghush.site/,2026-09-16T15:29:15Z
775c12fa-a1aa-4dc5-b6e4-d73addfd4113,2026-09-15T08:00:00.000Z,2026,2026-09,Chattogram,,Other public service,ইউনিয়ন পরিষদ,300,<=1000,False,paid,চাঁদপুর,আমার কাছ থেকে মেয়ের জম্ম নিবন্ধন করতে নগদে ২৫ টাকা। পেমেন্ট করতে হয়।এবং ৩০০ টাকা নেয় কাজ করার জন্য।,5,False,False,https://www.ghush.site/,2026-09-16T15:29:15Z
c244cb9d-66f7-4ffb-9fb5-bf0f7cbf4bc5,2026-09-15T07:00:00.000Z,2026,2026-09,Dhaka,,Land Office,প্রথমিক মিউটেশন এর অনুমদন,1000,<=1000,False,paid,জেলা ফরিদপুর থানা সালথা আটঘর ইউনিয়ন ভূমি অফিস,মিউটেশন আবেদন করার পর ভূমি অফিস থেকে প্রথমিক অনুমদন তসিলদার তিনি বললেন চা খরচ ১০০০ টাকা দিয়ে জান তানা হলে হবে না।,9,False,False,https://www.ghush.site/,2026-09-16T15:29:15Z
eb584c92-2b84-45f3-b275-d347db718b5e,2026-09-15T07:00:00.000Z,2026,2026-09,Dhaka,,Other public service,বিদ্যুৎ মিটারের জন্য,4000,1001-5000,False,paid,ঢাকা,আমার একটি মিটার নষ্ট হয়ে যায় পরবর্তীতে আমি অভিযোগ দিলে তারা ঐ মিটার ঠিক করে নিয়ে যায় এবং নতুন মিটার দেওয়ার কথা বলে চার হাজার টাকা দাবি করে যদি না দেই তাহলে তারা বলে আপনি অফিসে গিয়ে আবেদন করুন এবং বাকি কাগজ পাতি গুলো নিয়ে যান দেখবেন একটা লম্বা দীর্ঘ সময় লাগবে। বাসায় বিদ্যুৎ না থাকায় আমি বাধ্য হই টাকা দিতে এবং ২৪ ঘন্টাও সময় লাগে নি নতুন মিটার নিয়ে আসতে....,8,False,False,https://www.ghush.site/,2026-09-16T15:29:15Z
4c69546a-be0c-43ef-a02c-a29d1bfac4a5,2026-09-15T07:00:00.000Z,2026,2026-09,Rajshahi,,BRTA,ড্রাইভিং লাইসেন্স,1500,1001-5000,False,paid,Naogaon,"আমি টিটিসি (TTC) থেকে গাড়ি চালানোর প্রশিক্ষণ নেওয়ার পর ড্রাইভিং লাইসেন্সের পরীক্ষার জন্য BRTA, নওগাঁ অফিসে যাই। সেখানে আমাদের জানানো হয় যে BRTA কর্মকর্তাকে ১,৫০০ টাকা করে দিতে হবে, অন্যথায় পরীক্ষায় ফেল করিয়ে দেওয়া হতে পারে। পরে আমাদের ব্যাচের প্রায় ৩০ জনের কাছ থেকে প্রত্যেকের জন্য ১,৫০০ টাকা করে নেওয়া হয়। আমার জানা অনুযায়ী, একইভাবে পরবর্তী বিভিন্ন ব্যাচের প্রশিক্ষণার্থীদের কাছ থেকেও পরীক্ষায় পাস করানোর কথা বলে প্রত্যেকের কাছ থেকে ১,৫০০ টাকা করে নেওয়া হচ্ছে বলে অভিযোগ রয়েছে। বিষয়টি তদন্ত করে এই অর্থ নেওয়ার সঙ্গে কারা জড়িত এবং এটি কোনো নিয়মিত সরকারি ফি কি না তা যাচাই করার জন্য অনুরোধ করছি।",8,False,False,https://www.ghush.site/,2026-09-16T15:29:15Z
922490db-013f-44f4-9319-a1f6c5a600bc,2026-09-15T06:00:00.000Z,2026,2026-09,Barishal,,Land Office,দলিল দিতে,5000,1001-5000,False,paid,মুলাদী,"আমার যে দলিল থেকে অন্যজনকে দলিল দিব সেই দলিলের মেইন কপি টা ভেন্ডর কে দেখানোর পরে তার অফিস থেকে হারিয়ে যায়।আমার কাছে ফটোকপি আছে, সাব রেজিস্টার বলছে মেইন দলিল না হলে দলিল হবে না। ৫০০০টাকা দেওয়ার পরে অইদিন ই কাজ করে দেয়।",2,False,False,https://www.ghush.site/,2026-09-16T15:29:15Z
544e913b-08e2-44ae-8ec9-1c4a67d4ecfa,2026-09-15T06:00:00.000Z,2026,2026-09,Mymensingh,,Land Office,খারিজ,30000,>10000,True,refused,নেত্রকোনা,খারিজের জন্য টাকা চায়,1,False,False,https://www.ghush.site/,2026-09-16T15:29:15Z
92f7e5d1-0eab-4db0-8bfb-dc35ccb13f07,2026-09-15T06:00:00.000Z,2026,2026-09,Chattogram,,Land Office,LAND CHKING,11000,>10000,True,paid,"NOAKHALI,HATIYA",নাম জারি করতে গেলে তিনি 11000 টাকা দাবি করে। তা নাহলে কাগজ জমা নিবে না”,3,False,False,https://www.ghush.site/,2026-09-16T15:29:15Z
2e35acd6-04c5-442e-9b33-a1c1c3692bcb,2026-09-15T04:00:00.000Z,2026,2026-09,Dhaka,,Land Office,নাম জারি খতিয়ান,6000,5001-10000,False,paid,ফরিদপুর,নাম জারি করতে গেলে তিনি 6000 টাকা দাবি করে। তা নাহলে কাগজ জমা নিবে না,35,False,False,https://www.ghush.site/,2026-09-16T15:29:15Z
c4676b9c-5da5-41c4-b660-d739845debf7,2026-09-15T03:00:00.000Z,2026,2026-09,Chattogram,,Passport Office,পাসপোর্ট সেবা,14000,>10000,True,paid,চাঁদপুর,আমি পাসপোর্ট করানোর জন্য পাসপোর্ট অফিসে গেলে তারা বিভিন্ন ভুয়া অভিযোগে আমাকে পাসপোর্ট করতে দেয় নি। পরে আমি নিরুপায় হয়ে দালালের মাধ্যমে ১৪ হাজার টাকা পরিশোধ করলে তখন আমার কাজটি সম্পন্ন হয়।,23,False,False,https://www.ghush.site/,2026-09-16T15:29:15Z
b1ce850b-3440-48c3-b9ca-1117971e6bf0,2026-09-15T02:00:00.000Z,2026,2026-09,Khulna,,Education Office,পেনশন / পিআরএল,5000,1001-5000,False,paid,শালিখা/ মাগুরা,পেনশন ফাইল প্রতি ৫০০০ টাকা নেওয়া হচ্ছে।,13,False,False,https://www.ghush.site/,2026-09-16T15:29:15Z
e51e3bb5-1387-466d-af31-af2325ab7851,2026-09-14T22:00:00.000Z,2026,2026-09,Chattogram,,Accounts Office,Pension,15000,>10000,True,paid,চৌমুহনীতে অবস্থিত বেগমগঞ্জ উপজেলা হিসাবরক্ষণ অফিস,"Amar ma ekjon school teacher chilen, uni retired er por chele meyeder sathe thakar jonno desher bahire thaken, tai onar pension er taka age monthly tulte parto na , deshe gele tulto eksathe 2 years kore oi taka tular jonno protiber 15000 taka kore gush ney tara.",10,False,False,https://www.ghush.site/,2026-09-16T15:29:15Z
2657fff0-b0bc-4b87-88da-aa37d93d8db3,2026-09-14T18:00:00.000Z,2026,2026-09,Chattogram,,Other public service,টিআর কাবিখা বরাদ্দ,55000,>10000,True,paid,চকরিয়া-পিআইও অফিস,প্রতি লাখে ১৫ হাজার টাকা করে না দিলে প্রকল্প পাওয়া যায়না,12,False,False,https://www.ghush.site/,2026-09-16T15:29:15Z
22067077-1fd3-40a6-a324-f9f67af51b03,2026-09-14T17:00:00.000Z,2026,2026-09,Khulna,,Other public service,বিদ্যুৎ,15000,>10000,True,paid,খুলনা সদর,"এই বিদ্যুৎ অফিসটি পারহাউজ মোড়ে, সেখানে আমি আমার বাসায় মিটার লাগানোর জন্য তথ্য নিয়ে গেছিলাম, সেখানে আমাকে প্রথমে ৬ হাজার টাকার মতো খরচ বললো, তারপর দেরি হওয়াতে আবার সেখানে গেলে বলে উপরের বস আছে এই বলে মোট ১৫ হাজার টাকা নিয়েছে। পরে জানতে পারি মিটার লাগাতে এত টাকা খরচ হয় না, ব্যস্ততা এর কারণে এইসব ব্যাপারে মনোযোগ দিতে পারি নি",3,False,False,https://www.ghush.site/,2026-09-16T15:29:15Z
487b5793-0e37-434d-998f-da2066d1deef,2026-09-14T15:00:00.000Z,2026,2026-09,Rangpur,,Land Office,নামজারি,6000,5001-10000,False,paid,"ইউনিয়ন ভূমি অফিস, হাটলক্ষ্মীপুর, গাইবান্ধা সদর, গাইবান্ধা",নামজারির জন্য সরকারি ফিস ১১৭০ টাকা হলেও এই অফিসে সর্বনিম্ন ৬০০০ টাকা নেয়।,33,False,False,https://www.ghush.site/,2026-09-16T15:29:15Z
9bae7bab-d146-4480-9f5c-0db1c2f5ad03,2026-09-14T15:00:00.000Z,2026,2026-09,Rangpur,,Sub-Registry Office,জমির দলিল করার জন্য,12000,>10000,True,paid,গাইবান্ধা সদর,"এখানে দলিল করার জন্য তিনটি চাঁদা দিতে হয়। প্রথমটি ৬০০০ টাকা, দ্বিতীয়টি ৩০০০, তৃতীয়টি ৩০০০, এছাড়াও হলফনামা প্রদানের জন্য ৩০০০ টাকা দিতে হয়। অথচ হলফনামার দাম ২০০ টাকা।",19,False,False,https://www.ghush.site/,2026-09-16T15:29:15Z
addb2827-7e7f-4175-8f30-77b23acba46c,2026-09-14T14:00:00.000Z,2026,2026-09,Dhaka,,Land Office,নামজারি,22000,>10000,True,paid,শরীয়তপুর চিকন্দি ভূমি অফিস,ঘুষ নিয়েও আমাকে অনেক পেরেশানি করেছে কাজ ঠিকমতো করে দেয় নাই ঘুরাইছে অনেক মানে জীবনের চরম বাজে অভিজ্ঞতা।,15,False,False,https://www.ghush.site/,2026-09-16T15:29:15Z
5106b936-632e-491f-9ffb-a493e1714989,2026-09-14T12:00:00.000Z,2026,2026-09,Khulna,,Land Office,জমির খাজনা দেওয়ার সময়।,17000,>10000,True,paid,গদখালী বাজার ভূমি অফিস। যশোর জেলা ঝিকরগাছা থানা,নগদ ৪২০০০ টাকা দিয়েছিলাম তার মধ্যে ২৫০০০ টাকার খাজনা পরিশোধ করে আর বাকি টাকা তার ১৭০০০ ঘুষ।,15,False,False,https://www.ghush.site/,2026-09-16T15:29:15Z
897b1ae0-33ad-4022-819c-4f845c036946,2026-09-14T12:00:00.000Z,2026,2026-09,Rangpur,,Land Office,দাগ ও জমির মালিকের দলিল খুঁজতে,1500,1001-5000,False,paid,খানসামা,"আমি জমির জাবেদা তুলার জন্য সাব- রেজিস্টার অফিস এ যাই । আমার কাছে ১৫০০ টাকা চাইছিল, ১১০০ টাকা দিয়ে কাজ করে। অফিসার কে এই বিষয় বললে , উল্টা বুঝায় আমাকে, যেন এই টাকা তার অধিকার।",13,False,False,https://www.ghush.site/,2026-09-16T15:29:15Z
0c1126d3-4d7e-492b-8b1a-01edc08fd106,2026-09-14T11:00:00.000Z,2026,2026-09,Khulna,,Passport Office,নতুন পাসপোর্ট,1800,1001-5000,False,paid,খুলনা,"পাসপোর্ট এর ছবি তোলার ডেট এ গিয়ে লাইনে দাঁড়িয়েছি, লাইন আগায়না ঘন্টার পর ঘন্টা কিন্তু কিছুক্ষন পর পর দেখছি পুলিশ সাইড দিয়ে আলাদা একটা রুমে লোক ঢুকাচ্ছে এবং ছবি তুলতে পাঠাচ্ছে। আমি ও একটা পর্যায়ে পুলিশ কে জিজ্ঞেস করলাম কিভাবে আগে ছবি তোলা যাবে? পুলিশ বললো ২৫০০ টাকা লাগবে, আমি বললাম এতো টাকা তো এখন নাই আমার কাছে, পুলিশ বললো কতো দিতে পারবেন? আমার কাছে ১৮০০ টাকা ছিল দেয়ার মতো,আমাকে সেই আলাদা রুমে নিয়ে গেলো এবং ভিতরে গিয়ে দেখলাম আরও কয়েকজন পুলিশ সদস্য বসা ওখানে। ১৮০০ টাকা দিলাম সাথে সাথে আমাকে লাইনের সামনে দাড় করিয়ে দিলো এবং ৫/৬ মিনিটের মধ্যে ছবি তোলার সিরিয়াল পেয়ে গেলাম।",6,False,False,https://www.ghush.site/,2026-09-16T15:29:15Z
0c334403-d50a-4449-a447-b8f89da1bd01,2026-09-14T11:00:00.000Z,2026,2026-09,Dhaka,,Traffic Police,ট্রাফিক চেকপোস্ট,1000,<=1000,False,refused,ঢাকা,"আমি নিজের গাড়ি নিয়ে নিউমার্কেট গিয়েছিলাম শপিং এর উদ্দেশ্যে, শপিং শেষে নিউমার্কেট থেকে একটু সামনে সংসদ ভবনের দিকে আাসার সময় ট্রাফিক পুলিশ সিগনাল দিলে আমি গাড়ি সাইড করি, সে আমার গাড়ীর কাগজপত্র চাইলে আমি তাকে কাগজপত্র দেই, কাগজ পত্র সব ঠিক থাকার পরে ও সে বলে মামলা নিতে হবে। আমি জিজ্ঞেস করলাম কেন মামলা হবে? সে বললো আপনার গাড়ীতে বাম্পার লাগানো আছে তাই, আমি বললাম সব গাড়িতেই তো বাম্পার লাগানো আছে, সে বললো আপনার নাম্বারটা কম দেখা যাচ্ছে তাই মামলা নিতে হবে। পাশে আরেকজন ছিলো সে বললো ১০০০ টাকা দেন তাহলে মামলা দিবে না। আমি টাকা দেইনাই বরং বাম্পার পা দিয়ে খুলে ফেলছি। তারপরেও সে মামলা দিয়েছে ৬০০০ টাকার। বলে আমি যখন ধরেছি তখন তো বাম্পার ছিলো এখন খুলে ফেল্লে ও লাভ নাই।",11,False,False,https://www.ghush.site/,2026-09-16T15:29:15Z
a83c0418-7fd2-4ff7-9381-6d02b517c48f,2026-09-14T10:00:00.000Z,2026,2026-09,Dhaka,,Other public service,A Challan Correction from ibass++,30000,>10000,True,refused,Dhaka,"আমি iBAS++ এ আমার কিছু এ-চালান (A-Challan) সংশোধন করতে গিয়েছিলাম। তখন সরকারি অফিসের লোক আমাকে বলেছিল ৮/১০ দিনের মধ্যে কাজ হয়ে যাবে। কিন্তু আমার কাজ তো হয়নি, বরং তাদের কাছে লোক পাঠালে বলে—""আপনাদের কাগজপত্রগুলো আমার টেবিলে আছে, কিছু টাকা দিলে এখনই হয়ে যাবে।""",5,False,False,https://www.ghush.site/,2026-09-16T15:29:15Z
2b25dd57-38b1-4f25-823a-99be3dded467,2026-09-14T10:00:00.000Z,2026,2026-09,Dhaka,,Other public service,"Import, export permission, Chief controller of import and export",20000,>10000,True,refused,Dhaka,"Continuously we are apply to CCI&E office to get import and export permission, previously we had to pay per permission 2000 to 10000.00 but now they are asking 10000 to 20000.00, special case more than 100000.00(from lower to top possession.",7,False,False,https://www.ghush.site/,2026-09-16T15:29:15Z
b8dbd940-99d5-4e68-b79b-aac9cb4ee856,2026-09-14T09:00:00.000Z,2026,2026-09,Dhaka,,Passport Office,ই-পাসপোর্ট নবায়ন,4500,1001-5000,False,paid,গোপালগঞ্জ,"আমাকে ভাই কুত্তার মতো ঘুরাইছে এই নাই তো সেই নাই বলে দুইবার করে জমা দেয়াইছে, যখন সব জমা দিলাম তারপরে বলে অয়েট করেন, বসে আছি তো আছি, সবাইকে ডাকে ফিংগার দিতে আমাকে ডাকে না। পরে অফিসের পাশের এক কম্পিউটার দোকানের মালিক বললেন ৪৫০০ টাকা লাগবে, দিলে আজকেই সব জমা নিবে",6,False,False,https://www.ghush.site/,2026-09-16T15:29:15Z
6ccddb26-9365-455b-ab12-b9cff3eb1e97,2026-09-14T09:00:00.000Z,2026,2026-09,Dhaka,,Other public service,Police Clearance,5000,1001-5000,False,paid,Dhaka,I needed a police clearance certificate for VISA application. I applied for police clearance in online. But my application was not moving from verification stage. One day sub-inspector from my local thana called me and asked to meet with him. I went and he asked 5000 taka for this. I paid and after that he released in online.,4,False,False,https://www.ghush.site/,2026-09-16T15:29:15Z
9b83f5a1-7adc-4c8a-8625-4629ef5a01ef,2026-09-14T09:00:00.000Z,2026,2026-09,Dhaka,,Land Office,"Land mutation in Baridhara, Bashundhara",15000,>10000,True,paid,Dhaka,I have a land in Bashundhara. Registration completed about 2 months back and wanted to complete mutation. But land office was asking 60000 taka which i was not agreed. Later on paid 15000 taka and work is completed.,4,False,False,https://www.ghush.site/,2026-09-16T15:29:15Z
37ff20b8-94da-429b-aa74-ad5ffef377e2,2026-09-14T08:00:00.000Z,2026,2026-09,Dhaka,,Land Office,ভুমি অধিগ্রহণ,1800000,>10000,True,paid,"জয়দেবপুর, গাজীপুর।","ভুমি অধিগ্রহণ করার সময় % হিসেবে ছেয়েছে। ১০% হারে দিতে হবে,না দিলে কাজ হবে না। অর্ধেক আগে এবং বাকিটা কাজ শেষ হবার পর।",4,False,False,https://www.ghush.site/,2026-09-16T15:29:15Z
7215a27b-c67f-4e74-8baa-6ab98400633d,2026-09-14T08:00:00.000Z,2026,2026-09,Chattogram,,Land Office,Registrar 2 check,500,<=1000,False,pending,Chattogram,Ekta khatiyan check r register 2 dekha 500tk chaise,5,False,False,https://www.ghush.site/,2026-09-16T15:29:15Z
04fe26e9-8144-4ad8-9126-853a6ec4898b,2026-09-14T07:00:00.000Z,2026,2026-09,Chattogram,,Other public service,ইউনিয়ন পরিষদ,1000,<=1000,False,pending,"ফতেপুর, মদনহাট, হাটহাজারী, চট্টগ্রাম।","ফতেপুর ইউনিয়ন পরিষদে বিশেষ করে পাবলিকের কাজ সম্পন্ন করে দেওয়ার নাম করে অত্র এলাকার মেম্বাররা ব্যবসা করে যাচ্ছে। সাধারণ পাবলিক যে কোন ডকুমেন্ট সরাসরি সংগ্রহ করতে গেলে তারা বিভিন্ন অযুহাত দিয়ে নাই, পারবে না বলে থাকে। কিন্তু সেম কাজ অত্র এলাকার মেম্বার করে দিচ্ছে প্রতি কাজে 1000 করে নেয়। পাবলিক হয়রানি থেকে বাচতে 1000 করে দিতে বাধ্য হয় এবং কাজটা দ্রুত হয় ও মেম্বারদের একটা জমজমাট ব্যবসা হয়। কিন্তু প্রতিদিন আসা পাবলিক গুলো দিনের পর দিন, বিভিন্ন ডকুমেন্ট মিসিং বলে, লাইনের পর লাইন ধরেও তাদের কাজ একমাসে শেষ করতে অক্ষম। সেম কাজটা মেম্বারদের হয় সাধারণ পাবলিকের হয় না। তাদের সেবা ও সুবিধা দিয়ে যাচ্ছে অত্র অফিসের কম্পিউটার অপেরেটররা এবং বেতন পাওয়ার পরেও সেবা না দিয়ে ধান্দায় আছে। এটার তদন্ত করুন।",5,False,False,https://www.ghush.site/,2026-09-16T15:29:15Z
287e9208-f8f9-4b2f-81ae-dba728e7ee6c,2026-09-14T07:00:00.000Z,2026,2026-09,Dhaka,,BRTA,ড্রাইভিং লাইসেন্স,4000,1001-5000,False,paid,টাংগাইল,টাকা না দেওয়া হলে পাস করানো হবে না। অনেকের সাথে কথা বলেছি কেউ টাকা না দিয়ে ড্রাইভিং লাইসেন্স এর পরিক্ষায় পাস করে নাই,4,False,False,https://www.ghush.site/,2026-09-16T15:29:15Z
5ea16eb2-ffe8-4f94-b49d-da3b548d7405,2026-09-14T06:00:00.000Z,2026,2026-09,Khulna,,Land Office,নামজারি,50000,>10000,True,refused,খুলনা,ভুলবশত অন্যের নামে রেকর্ডকৃত সম্পত্তি আদালতের মাধ্যমে নিজ নামে ফেরত পাই। উক্ত জমির নামজারি করাতে এই টাকা দাবি করে।,5,False,False,https://www.ghush.site/,2026-09-16T15:29:15Z
6b76f2ae-287a-4e29-8ad4-0ac0d8fac260,2026-09-14T06:00:00.000Z,2026,2026-09,Rajshahi,,Other public service,উপজেলা পরিষদ হতে বিল্ডিং তৈরির নকশা অনুমোদন,10000,5001-10000,False,paid,পাবনা,"উপজেলা পরিষদ হতে বিল্ডিং তৈরির নকশা অনুমোদন যা কমিটির যাচাই বাছাইয়ের মাধ্যমে দেয়া হয়। বিল্ডিং প্রতি ১০,০০০ টাকা।",5,False,False,https://www.ghush.site/,2026-09-16T15:29:15Z
14979038-acaf-423f-9cf1-41eb966e2522,2026-09-14T06:00:00.000Z,2026,2026-09,Khulna,,Land Office,জমির খতিয়ান দেখা,200,<=1000,False,paid,"চন্দন পুর, কালারোয়া, সাতক্ষীরা।",সামান্য ০৫ মিনিটের সেবা দিয়ছিলো। যাষ্ট একটি খতিয়ান দেখেছি। আমি কোনো প্রকার কাগজ বা কোন ডকুমেন্ট গ্রহন করি নাই। অতঃপর কাজ শেষে তাকে নাকি খরচের ২০০ শত টাকা দিতে হবে। কি আর করবো দিয়ে দিলাম। তার না হয় লজ্জা শরম নাই কিন্তু আমার ত আছে।,3,False,False,https://www.ghush.site/,2026-09-16T15:29:15Z
c29f1182-eae1-4147-8d0d-d7fcc079d53d,2026-09-14T06:00:00.000Z,2026,2026-09,Dhaka,,Traffic Police,"গাড়ির ডকুমেন্ট চেক করছে, মামলা না দিয়ে ক্যাশ টাকা নিয়ে ছেড়ে দিছে।",1000,<=1000,False,pending,মোহাম্মদপুর শিয়া মসজিদ সিগন্যাল।,"গাড়ির ডকুমেন্ট চেক করছে, মামলা না দিয়ে ক্যাশ টাকা নিয়ে ছেড়ে দিছে।",6,False,False,https://www.ghush.site/,2026-09-16T15:29:15Z
f3947064-761b-497f-b482-f4cb1b2fb9ee,2026-09-14T05:00:00.000Z,2026,2026-09,Rajshahi,,Land Office,খারিজ বাতিল এর আবেদন করতে গেলে অতিরিক্ত টাকা চাই টাকা না দেওয়ার কারণে প্রসেসটা দীর্ঘায়িত করে এবং হ,5000,1001-5000,False,refused,"ভোলাহাট ,চাঁপাইনবাবগঞ্জ",টাকার বিনিময়ে কাজ শুরু করেছিল এবং আমি সেখানে ভেটো দেই।পরে আর কাজ করে নাই দিনের পর দিন হয়রানি করে। কাজটা এখনো অবদি ঝুলে আছে। এসিল্যান্ডকে ফোন দিয়ে বলার পরেও দেখা করার পরেও এসি ল্যান্ড এ ব্যাপারে কোন পদক্ষেপ নেইনি।,6,False,False,https://www.ghush.site/,2026-09-16T15:29:15Z
12ec8010-1e74-4ad4-aeee-6aa90936920f,2026-09-14T05:00:00.000Z,2026,2026-09,Chattogram,,Land Office,খতিয়ান,180,<=1000,False,refused,চট্টগ্রাম,খতিয়ান তোলার জন্যও অনলাইন এপলাই করলে এই সেকশন এ গেলেই টাকা দিতে হবেই না হলে প্রথমদিন দিবে না ! ২/৩ দিন পর আবার আসতে বলবে ! প্রতিটা মানুষের কাছ থেকেই তাদের এই চা খাওয়ার টাকা দিতেই হয়,2,False,False,https://www.ghush.site/,2026-09-16T15:29:15Z
fed94b4e-9533-4190-923a-9fd550abf91b,2026-09-14T05:00:00.000Z,2026,2026-09,Dhaka,,Other public service,Fire License Renewal,50000,>10000,True,paid,Gazipur,During the fire license renewal fire inspector raised demand to provide him 50000 BDT for fire license renewal. We have provided the government fee through online and then also provide 50000 BDT cash to him.,3,False,False,https://www.ghush.site/,2026-09-16T15:29:15Z
f4fbc865-a05c-48a9-bf9f-91f658ff7c31,2026-09-14T04:00:00.000Z,2026,2026-09,Chattogram,,Land Office,খাজনা প্রদান,200,<=1000,False,paid,"লাকসাম পৌর ভূমি অফিস,কুমিল্লা।","অনলাইন খাজনা ভূমি অফিস কর্তৃক অনুমোদন করার জন্য ২০০ টাকা দিতে হয়। প্রথমে আরেকদিন আসতে বলে ঘুরায়, পরে টাকা দাবি করে।",1,False,False,https://www.ghush.site/,2026-09-16T15:29:15Z
7a734f2b-64be-49ef-a174-b14b87a0f5f7,2026-09-14T04:00:00.000Z,2026,2026-09,Barishal,,Land Office,হেবার ষোষনা পত্র দলিল,9999,5001-10000,False,refused,ভান্ডারিয়া,"দলিল মূল্য 2 লক্ষ টাকা , ঘুস দিতে হবে 10 হাজার টাকা",1,False,False,https://www.ghush.site/,2026-09-16T15:29:15Z
e4d7673c-6589-4998-a026-21795035f333,2026-09-14T04:00:00.000Z,2026,2026-09,Dhaka,,Tax Office,ভ্যাট জমা প্রতি মাসে,2000,1001-5000,False,paid,নারায়নগন্জ,"প্রতি মাসেই ভ্যাট এর টাকা জমা দেওয়ার সাথে বড় ম্যাডাম কে 2500 দিতে হয়, নাহলে ফাইল সই করেনা",2,False,False,https://www.ghush.site/,2026-09-16T15:29:15Z
b9da5cae-74b8-4ee7-b700-e23cbad7e3c7,2026-09-14T04:00:00.000Z,2026,2026-09,Dhaka,,Land Office,ভূমি জরিপ,500000,>10000,True,pending,গোপালগঞ্জ,জমি রেকর্ড করা নিয়ে মাঠে ১৫ শতাংশ জমি ৫০০০০০ পাঁচ লক্ষাধিক টাকা দাবি করে।,1,False,False,https://www.ghush.site/,2026-09-16T15:29:15Z
ead1a53a-0f4e-469f-a4d6-3ac1d43730db,2026-09-14T03:00:00.000Z,2026,2026-09,Chattogram,,Land Office,নামজারি পতিবেদন,2000,1001-5000,False,paid,"লক্ষীপুর-সদর, ভবানীগঞ্জ ইউনিয়ন ভূমি অফিস","নামজারির প্রতিবেদন (খসড়া খতিয়ান প্রস্তাব সহ) দেওয়ার জন্য ২৫০০ টাকা দাবী করে আমি ২০০০ টাকা দিছি , কিন্ত খতিয়ান প্রস্তাব দেয় নাই। তাদের মাধ্যমে চুক্তি করলে নামজারি টা হয়ে যেত",3,False,False,https://www.ghush.site/,2026-09-16T15:29:15Z
f2e217a2-f408-426f-91d1-dd0503a70d9e,2026-09-14T03:00:00.000Z,2026,2026-09,Chattogram,,Land Office,নামজারি,10000,5001-10000,False,paid,উত্তর কাট্টলী,"আমি যখন প্রথম দিন ভূমি অফিসে গিয়েছিলাম, সেদিন কর্মকর্তারা আমার কাগজপত্রে বিভিন্ন সমস্যা দেখিয়ে আমার নামজারি করেননি। তারা বলেছিল—এটা নেই, ওটা নেই, খতিয়ান ঠিক নেই, দাগ নম্বরও ঠিক নেই। পরে দ্বিতীয় দিন আমি আমার ভাইকে সঙ্গে নিয়ে আবার সেখানে যাই। তখন তারা সরাসরি আমার কাছে টাকার কথা বলেনি। তারা আমার ভাইকে বলেছিল যে, আমার নামজারির কাজে কিছু সমস্যা আছে। আমার ভাই যখন জিজ্ঞেস করে, “এখন কী করতে হবে?”, তখন অফিসের পিয়ন আমার ভাইকে বলে যে, “এখানে স্যারকে কিছু খরচ দিতে হবে, খরচগুলো দিলে কাজ হয়ে যাবে।” আমি তখন আমার ভাইয়ের সঙ্গে সেখানেই ছিলাম। পরে আমাকে বলা হয় যে ১০,০০০ টাকা দিতে হবে। এরপর আমি একজনের সঙ্গে কথা বলে ৫,০০০ টাকায় বিষয়টি ঠিক করি। আমাকে বলা হয়, টাকা অফিসের ভেতরে দেওয়া যাবে না",2,False,False,https://www.ghush.site/,2026-09-16T15:29:15Z
7eb204b4-228e-48ab-8343-feb9bc084554,2026-09-14T03:00:00.000Z,2026,2026-09,Dhaka,,BRTA,সনদ গ্রহণ,100,<=1000,False,paid,ঢাকা,"ড্রাইভিং লাইসেন্স, বা গাড়ির কাগজ নবায়ন পূর্বক হস্তান্তর করার সময় কাউন্টারে থাকা ব্যক্তিরা সবার কাছ থেকে ৫০/১০০/২০০ যার কাছ থেকে যেমন পারে নিয়ে থাকে। এঘটনা সবার সামনেই হচ্ছে।",2,False,False,https://www.ghush.site/,2026-09-16T15:29:15Z
e1047b3f-58de-4c08-95ea-31b4da81a648,2026-09-14T02:00:00.000Z,2026,2026-09,Khulna,,Other public service,বাড়ির প্লান পাশ(যশোর হাউজিং),150000,>10000,True,pending,যশোর,প্লান পাশ করার জন্য এই পরিমান অর্থ চাওয়া হয় যেখানে সরকারি খরচ ২৫০০০/-,2,False,False,https://www.ghush.site/,2026-09-16T15:29:15Z
dbe997be-0440-4aea-be2d-5125e1e4236e,2026-09-14T02:00:00.000Z,2026,2026-09,Dhaka,,Other public service,ফায়ার লাইসেন্সস রিনিউয়াল,15000,>10000,True,paid,"Dhaka, Bangladesh",সারা বছর কারখানা গুলোর খোঁজ খবর নেয়ার কোনো খবর থেকেকের না। অথচ লাইসেন্স নবায়ন এর কিছুদিন আগে এলাকায় ওই পরিদর্শক নিযুক্ত দালাল কে নিয়ে কারখানায় হাজির। ছোট কারখানা নবায় এর জন্য ৩০০০০ টাকা চেয়েছিল । অনলাইন হবে বিধায় এখন রেট একটু বেশি। অনেক দর কোশাকশির পর ১৫০০০/- লাইসেন্স পাওয়া যায়। সাভার হেমায়েতপুর সহ দোশের প্রতিটি জেলার প্রায় একই চিত্র।,2,False,False,https://www.ghush.site/,2026-09-16T15:29:15Z
cdc32785-591e-4105-a4b0-6dd735a9e04a,2026-09-14T01:00:00.000Z,2026,2026-09,Chattogram,,Other public service,রি কল ইস্যু,2000,1001-5000,False,paid,সদর চট্টগ্রাম,অর্থঋণ আদালতে W/A রিকল পেতে বেঞ্জ সরকারীকে প্রতিটির জন্য ১০০০টাকা দিতে হয়।,2,False,False,https://www.ghush.site/,2026-09-16T15:29:15Z
c0517a0e-6c70-40ce-927d-7445afcc60aa,2026-09-14T00:00:00.000Z,2026,2026-09,Khulna,,Other public service,পুলিশ ভেরিফিকেশন,1500,1001-5000,False,paid,যশোর,"চাকরির ভেরিফিকেশনে কাগজপত্র যাচাই করতে এসে সরাসরি ডিমান্ড করেছিলো। চাওয়ার ভাব এমন যেনো টাকা দেয়াটা বাধ্যতামূলক, নাহলে রিপোর্ট নেগেটিভ যাওয়া স্বাভাবিক। সাধারণত এরকম ক্ষেত্রে চাকরিপ্রার্থী টাকার তোয়াক্কা করে না, শুধু ক্লিয়ারেন্স পেলেই বেচে যায়। কিন্তু ঘুষ চাওয়ার এই মানসিকতা কখনও কেউ চেঞ্জ করতে পারবে না সিওর হয়েই বললাম",122,False,False,https://www.ghush.site/,2026-09-16T15:29:15Z
75b518b1-456b-4853-a46b-5d22f21b6d1b,2026-09-13T20:00:00.000Z,2026,2026-09,Khulna,,BRTA,নতুন লাইসেন্স করা,200,<=1000,False,paid,চুয়াডাঙ্গা,আমি নতুন লাইসেন্স করার জন্য ফিঙ্গারপ্রিন্ট দিতে গেছিলাম। এজন্য কোনো কারণ ছাড়াই ২০০ টাকা দাবি করে আমি প্রথমে আমতা আমতা করলেই দেয় কারণ তারা আমকে ইচ্ছাকৃত ফেল করাবে তাই । এবং সবার থেকে এরকম টাকা নেই,83,False,False,https://www.ghush.site/,2026-09-16T15:29:15Z
2b38a67b-c0e9-4c2a-9632-98dfa8b2b451,2026-09-13T20:00:00.000Z,2026,2026-09,Dhaka,,Passport Office,New passport korle 2500taka gush detay hoy tangail passport office a na holy finger ney na.,2500,1001-5000,False,paid,Tangail,Gush detay hoy tangail passport office a na holy passport hoy na,54,False,False,https://www.ghush.site/,2026-09-16T15:29:15Z
61c93667-b94c-4890-b81a-087c48d1571b,2026-09-13T20:00:00.000Z,2026,2026-09,Chattogram,,Sub-Registry Office,জমি রেজিস্ট্রি,50000,>10000,True,paid,সোনাইমুড়ী,সাফ কবলা দলিল রেজিস্ট্রেশনের সরকারি খরচ ৭.৫পারসেন্ট কিন্তু আমার থেকে নিয়েছে ৯ পারসেন্ট,43,False,False,https://www.ghush.site/,2026-09-16T15:29:15Z
e232d7e3-22a8-4cec-8e48-dc0b9e0c81f0,2026-09-13T19:00:00.000Z,2026,2026-09,Rangpur,,Public Hospital,জিপিএফ এর অগ্রিম উত্তোলন,7000,5001-10000,False,paid,লালমনিরহাট,জিপিএফ এর অগ্রিম উত্তোলনের জন্য ৭০০০ টাকা নিয়েছে আমার কাছ থেকে। বলেছে খরচ লাগবে এটা।,33,False,False,https://www.ghush.site/,2026-09-16T15:29:15Z
3069e1a0-ce82-4fa0-8073-69ea1da4799e,2026-09-13T17:00:00.000Z,2026,2026-09,Dhaka,,Other public service,পুলিশ ক্লিয়ারেন্স,1500,1001-5000,False,paid,নরসিংদী জেলা মনহরদী থানা,আমার পুলিশ ক্লিয়ারেন্সের আবেদনের পর 15 কার্য দিবস পর্যন্ত অপেক্ষা করি কিন্তু তদন্তের জন্য সংশ্লিষ্ট কেউ আমার সাথে যোগাযোগ করেনি। পরবর্তীতে আমি সংশ্লিষ্ট থানায় যোগাযোগ করি। তদন্ত অফিসার আমার থেকে 1500 টাকা দাবি করে। সাধারণত ১৫ কার্য দিবসে মধ্যে পুলিশ ক্লিয়ারেন্স ডেলিভারি পাওয়া যায়। যেহেতু আমি তাদের সাথে যোগাযোগ করি নাই এজন্য আমারটা হতে দেরি হয়েছে। এদেশে ঘুষ না দিলে কোন কিছুই করা সম্ভব না। অন্য আরেকদিন আমার পাসপোর্ট করার অভিজ্ঞতা শেয়ার করব। ধন্যবাদ সবাইকে,13,False,False,https://www.ghush.site/,2026-09-16T15:29:15Z
7ce771a4-ed1e-408d-8519-a883b35311c6,2026-09-13T17:00:00.000Z,2026,2026-09,Dhaka,,BRTA,নতুন ড্রাইভিং লাইসেন্স বাবদ,16000,>10000,True,refused,রাজবাড়ী,আমি ড্রাইভিং লাইসেন্স করার জন্য রাজবাড়ী বিআরটিএ অফিসে যাই এখান থেকে আমাকে একজন দেখে নিয়ে জানায় যে লাইসেন্স করিয়ে দিতে পারবে বিআরটিএ তে আবেদন করলে পরীক্ষা দিয়ে সম্ভব নয় তাই আপনি আমার মাধ্যমে করেন এখানে এদের সাথে আমার আলাদা সম্পর্ক আছে তাই আপনি ১৬০০০ টাকা দিলে দ্রুত করিয়ে দিবো এটাকে বোঝা যায় দালাল চক্রের সাথে অফিসের কর্মকর্তাদের জোস হয়েছে এবং আমাকে শুধুমাত্র প্রাকটিক্যাল পরীক্ষা রিটেন পরীক্ষা না পারলেও পাস করিয়ে দেয়া হবে।,14,False,False,https://www.ghush.site/,2026-09-16T15:29:15Z
b9749702-fbf8-4f7c-b239-47db60e53af3,2026-09-13T16:00:00.000Z,2026,2026-09,Barishal,,Accounts Office,নতুন গ্রেভের বিল পাশ,40000,>10000,True,refused,পিরোজপুর জেলা হিসাব রক্ষণ অফিস,আমি ১৭ থেকে ১২ গ্রেডে উন্নীত হয়েছি ইউনিয়ন ভূমি উপ সহকারী কর্মকর্তা হিসেবে। তখন বিল পাশ করাতে তাদের এই দাবি।,10,False,False,https://www.ghush.site/,2026-09-16T15:29:15Z
e1456cbe-c00f-4eeb-af0e-8f585b27acfb,2026-09-13T16:00:00.000Z,2026,2026-09,Chattogram,,Accounts Office,আমার বাবা মারা যাওয়ায় তার পেনশন চালু করতে গিয়েছিলাম,10000,5001-10000,False,paid,"বিভাগীয় হিসাব নিয়ন্ত্রকের কার্যালয়, চট্টগ্রাম",আমি মূলত আমার বাবার পেনশন চালু করতে গিয়েছিলাম। হিসাব অফিসের একজন অডিটর আমাকে বসিয়ে রেখে বেশ কিছুক্ষণ সময় পর ১০ হাজার টাকা অর্থ দাবী করে। সেখানে একটি সিসিটিভি ক্যামেরা ও নেই অথচ এটি একটি সরকারি অফিস। আমার হাত থেকে এই অর্থ নেয়। সরকারি অফিসের ভেতর সিসিটিভি না থাকাটা অত্যন্ত দুঃখজনক এবং সেখানে একজন অডিটর সাধারণ নাগরিক থেকে অর্থ আদায় করার সুযোগ পাচ্ছে আমার মতে এই কারণেই। পরবর্তীতে বাধ্য হয়েই সে টাকা দিয়েছি। আমি সদ্য কলেজ পড়ুয়া আর একটু বড় হলে হয়তো তার বিরুদ্ধে তাৎক্ষণিক ব্যবস্থা নিতে পারতাম।,8,False,False,https://www.ghush.site/,2026-09-16T15:29:15Z
78d8782b-f383-4c79-8a27-7acc454dcc47,2026-09-13T16:00:00.000Z,2026,2026-09,Dhaka,,Public Hospital,হাসপাতালের বেড,3000,1001-5000,False,paid,"মহাখালী, ঢাকা","২০২৪ সালের সেপ্টেম্বর, আমার আম্মার হঠাৎ করেই ক্যান্সার ধরা পড়ে, এবং আমরা ঢাকার জাতীয় ক্যান্সার হাসপাতালে ডাক্তার দেখাই। তারা বেড নিয়ে ভর্তি হতে বলে অপারেশনের জন্য। কিন্তু সিট পাওয়া যায় না। প্রতিদিন এসে ফাইল জমা দিতে বলে, সিট ফাকা হলে দেবে। এদিকে আমরা গ্রাম থেকে এসেছি। থাকার তো তেমন জায়গা নেই, তার উপর তাড়াতাড়ি অপারেশন করা দরকার। ওখানে একটা ছেলে ফ্রিল্যান্সিং চাকরি করে। ও ৫০০০ টাকার কথা বলে, সিট ম্যানেজ করে দেবে। আমি অনেক জোরাজোরি করে 3000 টাকা দিয়ে ৩ দিন পর সিট নেই। তাছাড়া ক্যান্সার হাসপাতালে টাকা ছাড়া সহজে সিট পাওয়া যায় না।",9,False,False,https://www.ghush.site/,2026-09-16T15:29:15Z
3e1bc516-2478-4fc0-9e5a-b991f10dd947,2026-09-13T15:00:00.000Z,2026,2026-09,Dhaka,,City Corporation,ট্রেড লাইসেন্স নবায়ন করা,500,<=1000,False,paid,"টংগী, গাজীপুর",ব্যংকে ও কম্পানিতে জমা দেয়ার জন্য আমার ট্রেড লাইসেন্স নবায়ন করা জরুরী ছিল। আমি সিটি করপোরেশনে তা নবায়ন করতে গেলে ৫০০টাকা ঘুষ দাবি করে। তারা ৫০০টাকা ঘুষ ছাড়া আমার ট্রেড লাইসেন্স নবায়ন করতে রাজি না হওয়ায় বাধ্য হয়ে ৫০০ টাকা দিয়ে ট্রেড লাইসেন্স নবায়ন করি।,8,False,False,https://www.ghush.site/,2026-09-16T15:29:15Z
c469ccb3-127e-48da-a982-78e818b04558,2026-09-13T15:00:00.000Z,2026,2026-09,Dhaka,,Other public service,army checkpost,1000,<=1000,False,paid,mirpur 13,"basha theke helmet chara ber hoyechilam , kichu dur samnei army checkpost chilo jehetu amar dosh ache sehetu dariyechi, ekjon army officer eshe pocket hatiye bolche koto taka ache , ami bolechi 1000 taka ache , tarpor bollo diye chole jao chupchap , ami khub i bhoye seti diye taratari esshe porechi , karon tara tader camp e niye mardhor kore",7,False,False,https://www.ghush.site/,2026-09-16T15:29:15Z
b929a97d-ba89-428c-baf4-543ff54b9531,2026-09-13T15:00:00.000Z,2026,2026-09,Dhaka,,Tax Office,Tax,2000,1001-5000,False,paid,Narayanganj,"প্রত‍্যেক বার ফিল্ডে কর পরিশোধের সময় তারা টাকা কেটে রাখে, আর সেই টাকা যায় তাদের পকেটে।",7,False,False,https://www.ghush.site/,2026-09-16T15:29:15Z
7aa2a949-c83b-4e37-b8a5-79a045e9a321,2026-09-13T15:00:00.000Z,2026,2026-09,Khulna,,BRTA,নতুন ড্রাইভিং লাইসেন্স প্রাপ্তি,5000,1001-5000,False,paid,নড়াইল,ড্রাইভিং লাইসেন্স করার জন্য 5000 টাকা ঘুষ দাবি করা হয়েছিল। আমি বাধ্য হয়েছি ঘুষ দিয়ে ড্রাইভিং লাইসেন্স নিতে। এছাড়া কোন উপায় ছিল না। সঠিকভাবে কোনদিনই পরীক্ষায় পাশ করানো হয় না। অবৈধ৷ মাধ্যমে পরীক্ষায় উত্তীর্ণ করানো হয়।।,4,False,False,https://www.ghush.site/,2026-09-16T15:29:15Z
5c4bf2f6-fe1f-41de-baa9-27f2d011c94c,2026-09-13T13:00:00.000Z,2026,2026-09,Dhaka,,Other public service,Fire Safety Plan,50000,>10000,True,refused,Dhaka,"Note ফায়ার ডিফেন্স অধিদপ্তর ফায়ার সেফটি প্ল্যান / ফায়ার লাইসেন্স রিনিউ / কার্যকারিতা সনদ পাস এর জন্য প্রজেক্ট ভিজিট এবং মূল্যায়ন সাবমিট এর প্রেক্ষিতে অনুমোদন নোট করে. যদি মূল্যায়ন নোট অনুমোদন আকারে না করে, তাহলে ফায়ার সেফটি প্ল্যান / ফায়ার লাইসেন্স রিনিউ / কার্যকারিতা সনদ পাস হবে না. এর প্রেক্ষিতে (Asst. Director) ব্যক্তি ৫০ হাজার টাকা ঘুষ চায়, না হলে মূল্যায়ন নোট এমনভাবে লিখবে, যাহাতে ফায়ার সেফটি প্ল্যান পাস (মূল্যায়ন) না হয় ---- অধিদপ্তরের অ্যাসিস্ট্যান্ট ডিরেক্টর (AD) এবং ডেপুটি ডিরেক্টরের (DD) সকল পদবীর সকল ব্যক্তি অতিরিক্ত ঘুষে আসক্ত হয়েছে দ্রুত কার্যকর পদক্ষেপ নেওয়া উচিত এবং ব্যাক্তি টু ব্যাক্তি প্রতিযোগিতায় নেমেছে কে কার চেয়ে বেশি টাকা ঘুষের মাধ্যমে ইনকাম করতে পারে",8,False,False,https://www.ghush.site/,2026-09-16T15:29:15Z
fb1005b7-b10a-46f4-8acf-d9a6e9a7d764,2026-09-13T13:00:00.000Z,2026,2026-09,Sylhet,,Education Office,শিক্ষক পদায়ন,30000,>10000,True,paid,"উপজেলা শিক্ষা অফিস, বিয়ানীবাজার",৩০ হাজার টাকা ঘুষ নিয়ে প্রধান শিক্ষককে না জানিয়ে শিক্ষক নিয়ে গেছে ডেপুটেশনে। শিক্ষক স্বল্পতায় একজন শিক্ষক এখন একই সময়ে ২ টা ক্লাস নেয় ঘুরে ঘুরে এমন স্কুল ও আছে। শিক্ষা অফিসে জানালে বলে নিয়োগ হলে দিবো।,3,False,False,https://www.ghush.site/,2026-09-16T15:29:15Z
f56ceb74-0ada-4f5a-9c16-0ba4a737e31a,2026-09-13T13:00:00.000Z,2026,2026-09,Dhaka,,Land Office,নামজারি আবেদন ইউনিয়ন ভূমি অফিস থেকে নামঞ্জুর করা হয়েছে,20000,>10000,True,pending,সুয়াপুর ইউনিয়ন ভূমি অফিস ধামরাই ঢাকা,নামজারি আবেদন করতে দিয়েছি সবকিছু অনলাইনে জমা দেওয়ার পর যখন তারা আমাদেরকে শুনানিতে ডাকেন তখন হয় ঝামেলা যে আমরা যাব তার আগেই ইউনিয়ন ভূমি অফিস থেকে আমাদের আবেদন বাতিল করে দেন দলিল হতিয়ানি নাম সবকিছু আপডেট দেখানো হয়েছে তারপরও তারা আমাদের কাছে অবৈধ ঘুষ দাবি করে যদি আমরা সেটা না দেই তাহলে আবেদন বাতিল করে দিবে এবং জমিটি কত তালিকায় অন্তর্ভুক্ত করে দিবে,4,False,False,https://www.ghush.site/,2026-09-16T15:29:15Z
3ce9beb7-0863-4a97-b49c-70975bfacabf,2026-09-13T13:00:00.000Z,2026,2026-09,Chattogram,,Passport Office,নতুন পাসপোর্ট,2000,1001-5000,False,paid,Chandpur,"আমি নতুন পাসপোর্ট করতে চাই, যার কারণে অনলাইনে আবেদন করে, টাকা পরিশোধ করে, আঞ্চলিক পাসপোর্ট অফিসে জমা দিতে গেলে, তারা নানান ভাবে হয়রানি করে, পরে একজন দালাল ২০০০ টাকা দাবি করে, বলে যে সে সমাধান করে দিবে, যার কারনে তাকে ২০০০ টাকা দিয়ে আমাকে পাসপোর্ট করতে হয়েছিল।",4,False,False,https://www.ghush.site/,2026-09-16T15:29:15Z
8807c456-47ea-4743-b7fb-e3bb3afe0160,2026-09-13T13:00:00.000Z,2026,2026-09,Dhaka,,Other public service,বিএফডিসিতে দেখার জন্য প্রবেশ করতে ঘুষ চায় সিকিউরিটি,200,<=1000,False,paid,ঢাকা,"ঢাকায় গেছি ঘুরতে , মনে হল এফডিসি একটু দেখি তো সেজন্য গেটে গিয়েছি আমাকে বলে প্রবেশ করা যাবে না নিষেধ আর পরে গেটের সামনে দাঁড়িয়ে ছিলাম পরে একজন সিকিউরিটি এসে বলল আমাদের চা নাস্তার খরচ দেন আমরা ঢুকতে দিব পরে তাদেরকে ২০০ টাকা দেয়া হয়। পরে তারা প্রবেশ করতে দেয়",5,False,False,https://www.ghush.site/,2026-09-16T15:29:15Z
86912b36-d778-4402-acad-d2f5e0ba5123,2026-09-13T13:00:00.000Z,2026,2026-09,Dhaka,,Land Office,ভূমির খারিজ,40000,>10000,True,refused,টাংগাইল,"খরিজ করতে গিয়েছিলাম, 40000 টাকা চেয়েছে",4,False,False,https://www.ghush.site/,2026-09-16T15:29:15Z
76a5591c-fe44-4dc5-9d21-0e70f4e0951f,2026-09-13T12:00:00.000Z,2026,2026-09,Barishal,,Land Office,নাম জারি,45000,>10000,True,refused,"বগা, ভূমি অফিস।",নাম জারি এবং অনলাইন করতে টাকা চেয়েছে।,5,False,False,https://www.ghush.site/,2026-09-16T15:29:15Z
73b0352b-b4e0-4954-a08b-7db2f2694359,2026-09-13T11:00:00.000Z,2026,2026-09,Chattogram,,Land Office,দাখিলা,8000,5001-10000,False,paid,"কাশিপুর ভুমি অফিস, উপজেলা:হোমনা জেলা:কুমিল্লা",৮ হাজার টাকা নিয়ে রশিদ দিয়েছে ৪৫০টাকার,3,False,False,https://www.ghush.site/,2026-09-16T15:29:15Z
616abb32-4922-425f-bf34-6e28fc3af8f2,2026-09-13T11:00:00.000Z,2026,2026-09,Rangpur,,Land Office,খারিজ খতিয়ান,6000,5001-10000,False,paid,ঠাকুরগাঁও,"জমির খারিজ খতিয়ান করার জন্য। প্রকৃত খরচ ১১৭০/ টাকা. দাবি ৬০০০ টাকা, দার কষাকষি করে ৪০০০ টাকায় পরিশোধ করতে হয়ে ছে।",2,False,False,https://www.ghush.site/,2026-09-16T15:29:15Z
b3f3fab4-572c-45bd-91fe-3be41078c7f4,2026-09-13T11:00:00.000Z,2026,2026-09,Chattogram,,Land Office,ভূমি কর আদায়ের জন্য অনলাইনে খতিয়ান অন্তর্ভুক্তি করার জন্য,2000,1001-5000,False,paid,"১০ নং পূর্ব গুজরা ভূমি অফিস,আধার মানিক, রাউজান","ভূমি উন্নয়ন কর দেওয়া জন্য ১০ নং পূর্ব গুজরা ভূমি অফিস,আধার মানিক, রাউজান গেলে তিনি প্রথমে অনেক টালবাহনা করে পরে বলছে আজকে হবে না ইনিয়ে বিনিয়ে বলতেছে টাকা দিলে হবে তখন টাকা দেওয়ার সাথে সাথে খতিয়ান https://portal.ldtax.gov.bd/ ওয়েবসাইটে অন্তভুক্তি করে দেয় এর পর ভূমি উন্নয়ন কর দিতে পারি । নিজে নিজে সবকিছূ করা যায় কিন্তু তাদের পারমিশন লাগে এপ্রুভ করার জন্য এই সুয়োগ নিয়ে তারা ঘুষ নিচ্ছে । চিন্তা করা যায় আপনি সরকার কে ট্রাক্স দিচ্ছেন সেইখান থেকে তারা ঘুষ নিচ্ছে ।",3,False,False,https://www.ghush.site/,2026-09-16T15:29:15Z
a2395245-1891-4936-8300-1271cbbe24cd,2026-09-13T09:00:00.000Z,2026,2026-09,Rajshahi,,BRTA,নাম্বার প্লেট লাগানোর জন্যো ৫০০ টাকা নিয়েছে,500,<=1000,False,paid,সিরাজগঞ্জ,নাম্বার প্লেট নিতে গিয়েছিলাম ফিঙ্গারপ্রিন্ট ছবি তোলার পর তারা নাম্বার প্লেট লাগে দেয়ার জন্য ৫০০ টাকা দাবি করেছে ৫০০ টাকা না দিলে লাগিয়ে দিবে না এবং আমাদের হাতে দিবে না পরে বাধ্যগতিতে টাকা দিতে বাধ্য হই আমরা,2,False,False,https://www.ghush.site/,2026-09-16T15:29:15Z
7ac16780-55aa-409c-83c7-e8b68cef129d,2026-09-13T09:00:00.000Z,2026,2026-09,Chattogram,,Sub-Registry Office,হেবা দলিল,30000,>10000,True,paid,ব্রাক্ষণবাড়িয়া,হেবা দলিল অর্থাৎ আমার দাদুর মা থেকে দাদু দখল হেবা দলিল করে তখন ৩০০০০ টাকা ঘুষ দিতে হয়।,1,False,False,https://www.ghush.site/,2026-09-16T15:29:15Z
02c6079b-ed13-40f1-82db-759e75259850,2026-09-13T09:00:00.000Z,2026,2026-09,Dhaka,,City Corporation,জন্ম নিবন্ধ্ন,2000,1001-5000,False,refused,Gazipur,জন্ম নিবন্ধন এর জন্য যাওয়ার পর ভুল বলে ফেরত দেয় আবার গেলে একই কথা বলে পরে একজন কর্মকর্তা ২০০০টাকা দাবী করে দিলে হবে না হলে হবে না।,2,False,False,https://www.ghush.site/,2026-09-16T15:29:15Z
3c094107-0394-4363-8d7d-ec0efe5e84ac,2026-09-13T08:00:00.000Z,2026,2026-09,Mymensingh,,Land Office,ইউনিয়ন ভূমি অফিসে অনলাইনে খাজনা নিলে ঘুষ,15000,>10000,True,paid,"ফচিকা, নেত্রকোনা সদর",ইউনিয়ন ভূমি অফিসে অনলাইনে খাজনার রশিদ আনতে গেলে অতিরিক্ত টাকা চায়। কিন্তু খাজনা রশিদে অল্প কয়েক টাকা লেখা থাকে। যেমন টা আমার সাথে ঘটেছে চাইছে ১৫০০০ হাজার আর খাজনা রশিদে লেখা ৭৫০ টাকা।,4,False,False,https://www.ghush.site/,2026-09-16T15:29:15Z
acb828ae-b8a6-45d4-a5e7-f2deb2f7ed5e,2026-09-13T08:00:00.000Z,2026,2026-09,Chattogram,,Other public service,NID সংশোধন করে দিবে বলে,8000,5001-10000,False,paid,কক্সবাজার,জন্ম নিবন্ধন অনুযায়ী এমআইডির জন্ম তারিখ ঠিক করে দেওয়ার জন্য নিয়েছিল,4,False,False,https://www.ghush.site/,2026-09-16T15:29:15Z
0d714ce7-7787-4658-bcc9-e91bff824c13,2026-09-13T08:00:00.000Z,2026,2026-09,Rangpur,,Other public service,গ্রাম আদালত মামলা,700,<=1000,False,pending,গাইবান্ধা,গিয়েছিলাম গ্রাম আদালতে মামলা করতে আবেদন ফি ১০০ টাকা তারা নয়-ছয় বুঝিয়ে ৭০০ টাকা চায়,3,False,False,https://www.ghush.site/,2026-09-16T15:29:15Z
f3085144-0f63-41ae-9c8d-35fe57750a8d,2026-09-13T08:00:00.000Z,2026,2026-09,Dhaka,,Other public service,Load baranor jonno,15000,>10000,True,refused,Dhaka,আমি আমার বাসার বিদ্যুতের লোড বাড়ানোর জন্য আমাদের এলাকার বিদ্যুৎ অফিসে গেলে সেই জায়গায় নির্বাহী কর্মকর্তারা লাঞ্চ এর নাম করে অফিস বন্ধ হওয়ার সময় ৫ টা পর্যন্ত ভোগান্তি করায় অবশেষে দারোয়ান আমাদের কে ডেকে বলে ১৫০০০ টাকা দিলে নাকি সাথে সাথে কাজ শুরু হয়ে যাবে ভেরিফিকেশন ও করে দিবে তারপর আর কি আমরা চলে আসি কোনও প্রকার অর্থ না দিয়েই ।,3,False,False,https://www.ghush.site/,2026-09-16T15:29:15Z
1cd61051-d5be-4606-b8be-5212541d1272,2026-09-13T08:00:00.000Z,2026,2026-09,Barishal,,Land Office,জমির নামজারি,5000,1001-5000,False,paid,তজুমদ্দিন উপজেলা,আমাদের অনেক দিন আগে কিনা জমির জন্য নামজারি করাতে দিয়েছিলাম প্রায় ১.৫ বছর আগে। কিন্তু কোন কাজ হয় না। একবার বলে সার্ভার এ সমস্যা একবার বলে সেই ইউনিয়ন এর কাজ বন্ধ আছে। এরপর সেই লোক এর সঙ্গে সরাসরি দেখা করলে বলে ৭০০০ টাকা দেন ১ থেকে ১.৫ মাস এর মধ্যেই হয়ে যাবে। এরপর অনেক কিছুর পরে ৫০০০ টাকা প্রদান করি কিন্তু কোন ধরনের কাজ এখনো পাই নি। প্রায় ৪ মাস হয়েছে এখনো কোন আপডেট পাইনি। এক সাপ্তাহ আগে যোগাযোগ করলে বলে আরও ২৫০০ টাকা দেন।,2,False,False,https://www.ghush.site/,2026-09-16T15:29:15Z
e03d6fa5-6d98-4969-91a8-0a9fea26fd41,2026-09-13T07:00:00.000Z,2026,2026-09,Dhaka,,Other public service,নতুন গ্যাস বিলের বই নিতে গিয়ে ঘুষ,100,<=1000,False,paid,"টঙ্গী পূর্ব, গাজীপুর",গ্যাস বিলের বই প্রতিবার পরিবর্তন করতে গেলেই চা নাস্তার কথা বলে টাকা চায় ।,3,False,False,https://www.ghush.site/,2026-09-16T15:29:15Z
dcfe31d4-25f5-469b-96c1-91eedd26c6c0,2026-09-13T07:00:00.000Z,2026,2026-09,Dhaka,,BRTA,গাড়ির নাম্বার প্লেট,1500,1001-5000,False,paid,ঢাকা,নতুন গাড়ির নাম্বার প্লেট নিতে গেলে বাইরে লাইন দিতে বলা হয়। ৩০ মিনিট দাঁড়িয়ে থাকার পর গাড়ি এক ইঞ্চিও সামনে যায়নি। পরে ড্রাইভার দালালের মাধ্যমে সামনে নিয়ে আসে। পুরো প্রক্রিয়ায় বিআরটিএ -র লোকজন জড়িত। নাম্বার প্লেট গাড়ির মালিককে দিয়ে দিলেই সমস্যা সমাধান হয়ে যায়!,128,False,False,https://www.ghush.site/,2026-09-16T15:29:15Z
49433208-b9a0-4310-8647-e1e14beb36bc,2026-09-13T06:00:00.000Z,2026,2026-09,Rajshahi,,Other public service,পুলিশ ক্লিয়ারেন্স,500,<=1000,False,paid,ভোলাহাট,পুলিশ ক্লিয়ার সার্টিফিকেট করার জন্য থানায় কিছু ডকুমেন্ট জমা দিতে হয়েছিল। তখন দায়িত্ব যে পুলিশ ছিলেন সে ৫০০ টাকা দাবি করেছিল না হলে কাজ দ্রুত হবে না।,130,False,False,https://www.ghush.site/,2026-09-16T15:29:15Z
c8e33a34-09e9-467c-983d-5612d09fb7a3,2026-09-13T06:00:00.000Z,2026,2026-09,Dhaka,,Passport Office,Passport renewal,1000,<=1000,False,paid,Narayanganj,A dalal took 1000 taka from me and did my passport renewal even before the office hours begin,58,False,False,https://www.ghush.site/,2026-09-16T15:29:15Z
d8a1784a-d06d-4fb8-a691-659afdcd3517,2026-09-13T04:00:00.000Z,2026,2026-09,Dhaka,,City Corporation,Birth certificate,700,<=1000,False,paid,Dhaka,"Birth Certificate registration kore ghush na dile 8-9 month or beshi shomoi ney, r ghush dile 1 diner moddhe Certificate ready, Etar bichar chai",58,False,False,https://www.ghush.site/,2026-09-16T15:29:15Z
90e28f5b-88cc-44ce-8b6e-2b3fcbb583a8,2026-09-13T04:00:00.000Z,2026,2026-09,Sylhet,,BRTA,নতুন ড্রাইভিং লাইসেন্স,10000,5001-10000,False,paid,মৌলভীবাজার,"ড্রাইভিং লাইসেন্স এমন একটা জিনিস দালাল ছাড়া হয়ই না । আমার সাথে আরো 200-250 মানুষ যারাই ছিলো সবাই দালালের মাধ্যমেই এসেছে । দালাল থাকলে অটো পাস , না থাকলে অটো ফেইল । পরীক্ষকরা বিআরটিএ অফিস থেকে আলাদা পরীক্ষা নেয় এবং ডকুমেন্ট কালেক্ট করে বায়োমেট্রিক নেয়ার আগেই । সিলেটের অন্য জেলা(হবিগঞ্জ ,সুনামগঞ্জ , সিলেট ) এখন দালালরা সুযোগ সুবিধা করতে পারে না, তাই অন্য জেলার লোকদেরও এখানে পরীক্ষা দেওয়ায় । এই দালালি সিস্টেমের জন্য আমরা সাধারণ জনগণ দায়ী 50% । বাকি 50% এর জন্য সরকারের মন্ত্রণালয়গুলোর আজাইরা প্যারা দায়ী ।",40,False,False,https://www.ghush.site/,2026-09-16T15:29:15Z
1783e6d8-236c-4880-8c89-105aa2155813,2026-09-13T03:00:00.000Z,2026,2026-09,Rajshahi,,Passport Office,নতুন পাসপোর্ট বানানোর জন্য,1500,1001-5000,False,paid,Chapainawabganj,প্রথমে আমি একাই গিয়েছিলাম কাগজপত্র দেওয়ার পরে আমাকে বলছিল যে আরো অনেক কাগজপত্র লাগবে বাইরে এসে কয়েকজন জানতে চাইলো কি হলোপরে বললো আমাকে ১৫০০ টাকা দে আমি কাজ করে দিচ্ছি আমার কাজ হয়ে গেল।,9,False,False,https://www.ghush.site/,2026-09-16T15:29:15Z
be098665-380f-4b7f-8e90-958e4a82b020,2026-09-13T03:00:00.000Z,2026,2026-09,Chattogram,,Other public service,ব্যাংক এর মাধ্যমে জ্বালানি তেল আমদানি এল সি খোলা,200000,>10000,True,refused,চট্টগ্রাম,বাংলাদেশ পেট্রোলিয়াম কর্পোরেশন দেশের জ্বালানি তেল আমদানি করে। আমদানি ব্যাংকসমূহের মাধ্যমে করা লাগে। ব্যাংকসমূহ এল সি এর মাধ্যমে আমদানি করে। প্রতি এল সি বাবদ ব্যাংক এর কাছ থেকে ২ লক্ষ টাকা দাবি করে জনৈক কর্মকর্তা ।,13,False,False,https://www.ghush.site/,2026-09-16T15:29:15Z
a901fecb-f28d-43d6-89f3-e0d7719d2528,2026-09-13T00:00:00.000Z,2026,2026-09,Dhaka,,Passport Office,পাসপোর্ট নবায়ন,3500,1001-5000,False,paid,যাত্রাবাড়ী / কেরানীগঞ্জ,"দুটো পাসপোর্ট এর আবেদন ছিল, পাসপোর্ট নবায়ন এবং নতুন পাসপোর্ট। এক রুম থেকে আরেক রুম, দীর্ঘ লাইনে অপেক্ষা করতে হয়। দুপুর তিনটার পরে নির্দিষ্ট কাউন্টার থেকে বলা হলো আজকে সময় শেষ কালকে আবার আসবেন। আমার অভিজ্ঞতায় বলে, তারা ইচ্ছে করেই বিষয়গুলো দীর্ঘায়িত করে। পরবর্তীতে টাকা পরিশোধের মাধ্যমে ঠিকই সব প্রসেস করে দিল।",70,False,False,https://www.ghush.site/,2026-09-16T15:29:15Z
2b55fcdf-c9cc-4bd5-a56c-484b82f3e853,2026-09-12T23:00:00.000Z,2026,2026-09,Rajshahi,,Land Office,জমির নামজারি,1500,1001-5000,False,paid,পাবনা,সার্ভেয়ার জমির নকশা তৈরীতে কাল ক্ষেপন করছিন বারবার। পরে তার একজন অফিস স্টটাফ টাকা চাইলো বললো তারাতারি হয়ে যাবে। পরে আমার সময় কম থাকায় খুব সহজেই কাজটি করে দেন।,52,False,False,https://www.ghush.site/,2026-09-16T15:29:15Z
e0988fad-814a-46a4-8d52-d9207188d481,2026-09-12T23:00:00.000Z,2026,2026-09,Dhaka,,Traffic Police,ডাম্পিং,2500,1001-5000,False,paid,ফরিদপুর,অটো গাড়ি ধরে নিয়ে যায়। ছাড়াইতে ২৫০০ টাকা নেয়।,41,False,False,https://www.ghush.site/,2026-09-16T15:29:15Z
2a6781d2-0240-4199-866b-66a3c4b09542,2026-09-12T19:00:00.000Z,2026,2026-09,Chattogram,,Other public service,টেন্ডারের কাজ আইনগতভাবে প্রাপ্ত প্রতিষ্ঠানকে দিতে ৫%-৭% ঘুষ,400000,>10000,True,paid,"ঢাকা, চট্টগ্রাম সহ পুরো দেশে","প্রতিটি শিক্ষা প্রকৌশল অধিদপ্তরের কাজ আইনগতভাবে সঠিক লাইসেন্সে আসার পরও ইঞ্জিনিয়ার এবং একাউন্টেন্ট সহ পিডি অফিসে কাজের NOA দেওয়ার আগেই ২% টাকা দিয়ে দিতে হয়। এরপর নিজের টাকায় করা কাজের বিল নিতে গেলে আবার ৫% দিতে হয় অগ্রিম। এতে করে কাজের কোয়ালিটি ঠিক রাখা সম্ভব হয় না। এটা শুধু শিক্ষা প্রকৌশলে নয়, সকল প্রকৌশল অফিসেই। সব সরকারি ইঞ্জিনিয়ার, সাব এসিস্ট্যান্ট ইঞ্জিনিয়ার, একাউন্টেন্ট, ইউএনও, সবাই এই টাকা খায়। তারা বেতন না পেলেও সমস্যা নেই। ১০০কোটি টাকার কাজে যদি ৭কোটি ২-৪ জন মানুষ পায়, তাদের আর সরকারি বেতন কী দরকার। এই হিসেবে হাজার কোটি টাকার প্রজেক্টে তাদের ঘুষের পরিমাণ কতো টাকা হিসাব করেন।",26,False,False,https://www.ghush.site/,2026-09-16T15:29:15Z
b3e45509-5864-4e42-b82b-2b57bf59e659,2026-09-12T18:00:00.000Z,2026,2026-09,Chattogram,,BRTA,Driving licence exam.,8500,5001-10000,False,paid,Laxmipur.,সব পরীক্ষায় ভালোভাবে উত্তীর্ণ হয়েও ২য় বার পরীক্ষার আবেদন করে ধার্যকৃত ফি'র অতিরিক্ত ৪ হাজার টাকা দিয়ে লাইসেন্স নিতে হয়েছে। জীবনের অন্যতম তিক্ত অভিজ্ঞতা হয়ে থাকবে।,29,False,False,https://www.ghush.site/,2026-09-16T15:29:15Z
5e152e83-9e51-4145-9bf3-e8e07cd4654d,2026-09-12T18:00:00.000Z,2026,2026-09,Dhaka,,Accounts Office,টিএ ডিএ বিল উঠানো,10000,5001-10000,False,refused,"ফরিদপুর, রাজবাড়ী, যশোর, কুষ্টিয়া",ট্রেনিং এর টিএ ডিএ বিল উঠাতে ১০০০০ টাকা ঘুষ চায়। আমার কষ্টের টাকা উঠাতে কেন টাকা দেওয়া লাগবে? প্রতিদিন এভাবে কোটি কোটি টাকা ঘুষ যাচ্ছে।,18,False,False,https://www.ghush.site/,2026-09-16T15:29:15Z
88195d4f-edf6-49b9-a996-3280cd3f953a,2026-09-12T16:00:00.000Z,2026,2026-09,Dhaka,,Public Hospital,চিকিৎসা করাতে গিয়ে ঘুষ দিতে হয়েছে,30000,>10000,True,paid,ঢাকা পঙ্গু হসপিটাল,পঙ্গু হসপিটালে আপনি যদি ইমারজেন্সি রোগী নিয়ে যান সেখানে অপারেশন করানো হয় বা অপারেশন করানো লাগে অপারেশন থিয়েটারে আপনার প্রেশানকে ঢুকানোর পরে ভেতর থেকে একজন দালাল আসে নাট এবং রড লাগাবে এই অজুহাতে কারো কাছে ২০ হাজার কারো কাছে ১০ হাজার কারো কাছে ৮ হাজার কারো কাছে পাঁচ হাজার কাছে ৩০০০ এভাবে তারা টাকা দাবি করে এবং সেই দাবি পূরণ হওয়ার আগ পর্যন্ত চিকিৎসার সামনে গয়না এখান থেকে ওয়ার্ডে গেলে টাকা ছাড়া সিট পাওয়া যায়না বহির্বি বিভাগে একটা রুমে গেলে টিকেট কাটা লাগেনা তাহারা ভিতরে যারা থাকে তারা বলে অনেক লম্বা সিরিয়াল আছে এখন কি আপনি সিরিয়ালে থাকবেন তাহলে দুই ঘন্টা পরে আসেন বা তিন ঘন্টা পরে আইসেন যদি এখানে এক্সরে করিয়ে দিব যার কাছ থেকে যা নিতে পারে ১ হাজার ২০০০ বারোশ ৮০০ যার কাছ থেকে নিতে পারে,17,False,False,https://www.ghush.site/,2026-09-16T15:29:15Z
362939da-ef85-47c2-85ca-977a27a5ae40,2026-09-12T16:00:00.000Z,2026,2026-09,Chattogram,,Land Office,নামজারি,2000,1001-5000,False,paid,রাংগামাটি,জমির নামজারির জন্য সার্ভেয়ার রিপোর্ট করার জন্য ২০০০ টাকা দিতে হয়,12,False,False,https://www.ghush.site/,2026-09-16T15:29:15Z
d2114e73-2a76-4d43-9213-7952d905d420,2026-09-12T16:00:00.000Z,2026,2026-09,Chattogram,,Education Office,ফাইল অনুমোদন নিয়োগের জন্য,500,<=1000,False,paid,চট্টগ্রাম,কর্মচারী নিয়োগ অনুমোদনের জন্য টাকা নেওয়া হয়,5,False,False,https://www.ghush.site/,2026-09-16T15:29:15Z
cb0ca4ab-4fc5-40ba-bc09-75aa083de5a7,2026-09-12T16:00:00.000Z,2026,2026-09,Dhaka,,Education Office,"ঢাকা বোর্ড থেকে ২০২৩, ২০২৪ সালের ষষ্ঠ ও অষ্টম শ্রেণির রেজিষ্ট্রেশন কার্ড সংক্রান্ত",8000,5001-10000,False,refused,ঢাকা বোর্ড,রেজিষ্ট্রেশন কার্ড আনতে গেলে নানাবিধ বাহানা করে। আজকে না কাল। ইত্যাদি করে এক পর্যায়ে টাকা দাবি করে।,14,False,False,https://www.ghush.site/,2026-09-16T15:29:15Z
a5e9c09d-3415-4c27-aedf-4dd218865f09,2026-09-12T16:00:00.000Z,2026,2026-09,Chattogram,,Other public service,গ্রামের রাস্তা মেরামত,45000,>10000,True,paid,চট্টগ্রাম,আমাদের বাড়ির রাস্ মেরামতের প্রকল্পের জন্য ১৫০০০০ টাকা অনুমোদন হয়। তার ৩০% তথা৪৫০০০ টাকা কেটে নিয়েছে। ইউএনও অফিসের নামে। আমি জেনেছি সব উন্নয়ন প্রকল্প ৩০% কেটে রাখা হয়।,11,False,False,https://www.ghush.site/,2026-09-16T15:29:15Z
36ec9dae-b834-4256-b071-e3bc9bd956e9,2026-09-12T16:00:00.000Z,2026,2026-09,Rangpur,,Other public service,নতুন ভোটার,1500,1001-5000,False,paid,দিনাজপুর,বাবা মা এর নাম সম্মান্য ত্রুটি হওয়াই তা প্রত্যাখ্যান করতে চেয়েছিল কিন্তু পরবর্তীতে অর্থ দাবি করে,12,False,False,https://www.ghush.site/,2026-09-16T15:29:15Z
4495f462-2599-43f0-b4cc-7f5dd885d0d7,2026-09-12T15:00:00.000Z,2026,2026-09,Khulna,,BRTA,Driving license,8000,5001-10000,False,paid,Jashore,আমরা সবাই জানি বিআরটিএ অফিস ঘুষের কারখানা। ৪০০০ টাকার একটি লাইসেন্স করতে আরও অতিরিক্ত ৪০০০ দেওয়া লাগছে নইলে আপনি ভালো পরীক্ষা দিলেও ফেল করিয়ে দেওয়া হয়।,110,False,False,https://www.ghush.site/,2026-09-16T15:29:15Z
ecddbf62-e8e5-4ec8-844b-2bbfb4fc315e,2026-09-12T15:00:00.000Z,2026,2026-09,Chattogram,,Land Office,Mutation,12000,>10000,True,refused,"Chakaria upozila,Cox’s bazar","নামজারি করানোর জন্য এতো টাকা দাবি করেন, ভূমি অফিসের লোক জন।AC LAND এর ইচ্ছা করলে এই সমস্যা টি সমাধান করতে পারতো।কিন্তু করছে না।",61,False,False,https://www.ghush.site/,2026-09-16T15:29:15Z
2707ec97-bf1b-4602-9db5-c30202cf4da0,2026-09-12T15:00:00.000Z,2026,2026-09,Sylhet,,Education Office,ডেপুটেশন পোস্টিং,25000,>10000,True,paid,বিয়ানীবাজার,"উপজেলা শিক্ষা অফিসে টাকা না দিলে ডেপুটেশন দেয় না, টাকা দিলে যেভাবেই হোক তারা ব্যাবস্থা করে দেয়। টাকা নেওয়াকে প্রাতিষ্ঠানিক করে ফেলা হইছে, সবাই জানে, অপেন সিক্রেট।",42,False,False,https://www.ghush.site/,2026-09-16T15:29:15Z
751ec2b5-0b0c-4424-922b-cdb09a7cfbe1,2026-09-12T15:00:00.000Z,2026,2026-09,Barishal,,Land Office,জমি জরিপ,10000,5001-10000,False,paid,গ্রাম,"এলাকায় জমি জরিপ হওয়ার পরে ভূমি অফিস এ যেয়ে বিডিএস জরিপ এর পর্চা নিতে হয় এবং ভূমি অফিসার এর সাইন নিতে হয়।এই কাগজে জমি কম আসলে আবার ওদের কাছে রিপোর্ট করতে হয়।তখন জমির পরিমান ঠিক করতে আমাকে প্রায় ১০,০০০ টাকা দিতে হয়েছে।",19,False,False,https://www.ghush.site/,2026-09-16T15:29:15Z
df262b0c-dbd4-4f75-a7b8-640f169f0cfe,2026-09-12T14:00:00.000Z,2026,2026-09,Chattogram,,Land Office,নামজারি,20000,>10000,True,refused,উপজেলা,নামজারী করে দিবে বলে সারবেয়ার টাকা ছায়,23,False,False,https://www.ghush.site/,2026-09-16T15:29:15Z
e72e83de-9b77-4190-95f0-d0283f8230d8,2026-09-12T14:00:00.000Z,2026,2026-09,Dhaka,,Land Office,ডিজিটাল জরিপ,7000,5001-10000,False,paid,"নারায়নগঞ্জ, সিদ্ধিরগঞ্জ থানা।",জরিপে জায়গার পরিমাণ কম দেখিয়ে ঠিক করে দেয়ার কথা বলে টাকা আদায়।,12,False,False,https://www.ghush.site/,2026-09-16T15:29:15Z
1557fc18-7ea7-4025-9538-50538756b540,2026-09-12T13:00:00.000Z,2026,2026-09,Barishal,,Accounts Office,পে ফিক্সেশন,500,<=1000,False,paid,পিরোজপুর,পে ফিক্সেশনের জন্য ৫০০৳ দাবি করেছে এবং আমাকে দিতে হয়েছে,9,False,False,https://www.ghush.site/,2026-09-16T15:29:15Z
797e275a-3d06-488f-8c88-6bd7af235439,2026-09-12T13:00:00.000Z,2026,2026-09,Chattogram,,Land Office,নামজারি করতে গিয়েছিলাম,100000,>10000,True,refused,কুমিল্লা,"নামজারি করতে সরকারি টাকা লাগে ১১৭০ টাকা , আমার কাছে চেয়েচে ১০,০০০০ হাজার টাকা , যা আমি দিতে চাই নাই, আমরা গরিব ঘরের সন্তান ।",8,False,False,https://www.ghush.site/,2026-09-16T15:29:15Z
58893071-55c6-4573-b7c3-384720c23e6a,2026-09-12T13:00:00.000Z,2026,2026-09,Rajshahi,,Sub-Registry Office,নকল দলিল উত্তোলন,2000,1001-5000,False,refused,"গোমস্তাপুর, চাঁপাইনবাবগঞ্জ।",আমি একটি জমির নকল দলিল উত্তোলনের জন্য এক মহুরির সাথে যোগাযোগ করি। সে আমার কাছে ২০০০ টাকা দাবি করে। এর কম হবেনা বলে জানিয়ে দেয়। কিন্তু প্রকৃতপক্ষে নকল দলিল উত্তোলনের জন্য ৮০০ থেকে ৯০০ টাকা খরচ হয়।,10,False,False,https://www.ghush.site/,2026-09-16T15:29:15Z
7e38402c-fab0-4cb7-bb22-3916bdf5362b,2026-09-12T13:00:00.000Z,2026,2026-09,Chattogram,,Other public service,ফায়ার লাইসেন্স নবায়ন,80000,>10000,True,paid,সিইপিজেড,"কারখানার ফায়ার লাইসেন্স নবায়ন করতে ১,০০,০০০/- টাকা ঘুষ চাইছে, শেষে ৮০,০০০/- তে ফাইনাল হল।",9,False,False,https://www.ghush.site/,2026-09-16T15:29:15Z
eabe6ef1-7d9f-4021-b0c6-4b85478b410f,2026-09-12T11:00:00.000Z,2026,2026-09,Dhaka,,Other public service,Fire License Renew,40000,>10000,True,paid,Mirpur 1,Fire License Renew Purpose 40k Ghush Provided except Gov. Fee,13,False,False,https://www.ghush.site/,2026-09-16T15:29:15Z
2bb511bc-5195-403c-a57d-6ab9e0444c47,2026-09-12T06:00:00.000Z,2026,2026-09,Dhaka,,Customs Office,বন্ডেড ওয়্যারহাউসের মালামাল রপ্তানিতে ব্যবহারের অনুমতি পত্র,12500,>10000,True,paid,"উত্তরা, ঢাকা",ইউপি অনুমোদন দেয়ার জন্য এ টাকা পরিশোধ করতে হয়।,9,False,False,https://www.ghush.site/,2026-09-16T15:29:15Z
c848bfe8-fde6-4042-aa81-b237b2c24973,2026-09-12T06:00:00.000Z,2026,2026-09,Chattogram,,Other public service,নতুন ইলেকট্রিক মিটার,3200,1001-5000,False,refused,কুমিল্লা,"নতুন মিটার এর জন্য গ্রাহক নিজে আবেদন করলে অনেক হয়রানি করে , এবং ঘুষ চায়, আমার কাছে ভিডিও আছে আমার কাজটি এখনও সম্পূর্ণ হয় নাই ।",8,False,False,https://www.ghush.site/,2026-09-16T15:29:15Z
5d0814ef-1082-4644-9eb6-4d360da140b8,2026-09-12T04:00:00.000Z,2026,2026-09,Khulna,,Other public service,ফায়ার লাইসেন্স,160000,>10000,True,paid,খুলনা বিভাগের অন্তর্গত একটি জেলা শহর,"কারখানা স্থাপন করতে গিয়ে ফায়ার লাইসেন্স দরকার হয়। জেলা ফায়ার অফিস থেকে একজন সিপাই আর একজন ইন্সপেকটর স্পটে এসে ১ লাখ ৬৫ হাজার টাকা দাবি করে যেখানে সরকারি ফি মাত্র ৯০০০ টাকা। যাইহোক, ১ লাখ ৬০ হাজার টাকায় চুক্তি হয় তা না হলে ফায়ার লাইসেন্স পাওয়া যাবে না। ফায়ার লাইসেন্স না পেলে সরকারি অন্যান্য সেবা পাওয়া যাবে না। এই কারনে বাধ্য হয়ে তাদেরকে ঘুষ দিতে হয়েছে।",98,False,False,https://www.ghush.site/,2026-09-16T15:29:15Z
2d22ef60-7b87-4e3e-b7f6-77f1db391b81,2026-09-12T03:00:00.000Z,2026,2026-09,Khulna,,BRTA,ড্রাইভিং লাইসেন্স,5000,1001-5000,False,paid,বাগেরহাট,ড্রাইভিং লাইসেন্স পরীক্ষায় পারা সত্ত্বেও ফেল কিয়ে দিচ্ছিলো।টাকা পাওয়ার পর পাশ করাইছে..৪ বার দিছি.. ঝামেলা করে খুব,89,False,False,https://www.ghush.site/,2026-09-16T15:29:15Z
edb95c6f-2637-463b-8a8c-814397535a51,2026-09-12T03:00:00.000Z,2026,2026-09,Khulna,,Sub-Registry Office,জমি বিক্রয়,15000,>10000,True,refused,মহেশপুর,ঘুষের টাকা না দিলে কৃষি জমিকে আবাসিক জমি হিসেবে রেজিস্ট্রেশনের জন্য অতিরিক্ত টাকা দিতে হবে।,45,False,False,https://www.ghush.site/,2026-09-16T15:29:15Z
19236368-d4eb-4c4d-bcc1-7fe35fa9ba16,2026-09-12T03:00:00.000Z,2026,2026-09,Dhaka,,Other public service,Certificate of competency issuence,1000,<=1000,False,paid,Dhaka,Clerk asked bribe of 1000 tk to handover certificate of competency,37,False,False,https://www.ghush.site/,2026-09-16T15:29:15Z
eb606709-f904-4172-b0e1-37dd8c8f519d,2026-09-12T02:00:00.000Z,2026,2026-09,Chattogram,,Education Office,অনলাইন বেতন নির্ধারণ,1000,<=1000,False,paid,"উপজেলা প্রাথমিক শিক্ষা অফিস, লক্ষ্মীপুর সদর",অনলাইন বেতন নির্ধারণ করতে প্রতি জনে ১০০০ টাকা করে মোট ৯০০০০ টাকা নিয়েছে। এভাবে যেকোনো কাজে টাকা দিতে হয়।,37,False,False,https://www.ghush.site/,2026-09-16T15:29:15Z
1c3bcb6c-20ca-4452-8262-a60d0009e7fa,2026-09-12T02:00:00.000Z,2026,2026-09,Barishal,,Land Office,নামজারি,3200,1001-5000,False,pending,তালতলী,নামজারি নকলের জন্য আবেদন দিয়েছিলাম ৫০০ টাকা এডভান্স দিয়েছিলাম কিন্তু কাগজ আনতে যাওয়ার পর বলছে ৪টা কাগজে 3200টাকা লাগবে,15,False,False,https://www.ghush.site/,2026-09-16T15:29:15Z
6846e00f-f72a-42c6-881b-a0b8f1fef06b,2026-09-12T02:00:00.000Z,2026,2026-09,Chattogram,,Other public service,পুলিশ প্রতিটি কাভার ভ্যান 200 টাকার বিনিময়ে গাড়ি রাখতে দেয় রাস্তায়,200,<=1000,False,pending,হালিশহর চট্টগ্রাম।,"হালিশহর, বড়পোল, মহিলা পলিটেকনিক্যাল রোড়,সিগন্যাল ঘর থেকে গার্হস্থ্য অর্থনীতির কলেজের রোড় পর্যন্ত হালিশহর · চট্টগ্রাম, পুলিশ প্রত্যেকটি কাভার ভ্যানে ২০০ টাকা করে চাঁদা নেয় প্রতি রাতে।",11,False,False,https://www.ghush.site/,2026-09-16T15:29:15Z
17fe557f-8203-45aa-b80e-396d0c35bbf5,2026-09-12T02:00:00.000Z,2026,2026-09,Chattogram,,Traffic Police,লাইসেন্স চেক,2000,1001-5000,False,paid,"পতেঙ্গা সি বিচ মোড়, রিং রোড",গাড়ির কাগজপত্র সবঠিক থাকার পরও লাইসেন্স চেক করার নামে অহেতুক হয়রানী করে টাকা আদায় করা হয়েছে স্লিপ ছাড়া। তাদের কাছে গাড়ির বৈধতা চেক শুধুমাত্র ট্রাক ও মোটর সাইকেল এ সীমাবদ্ধ। অন্যান্য যানবাহন ও অটো রিক্সা থেকে মাসোহারা পাওয়ার কারণে সেগুলো তাদের কাছে অবৈধ যানবাহন নয়।,4,False,False,https://www.ghush.site/,2026-09-16T15:29:15Z
53fd98bb-43f1-4d0f-86eb-d858f5e5cd71,2026-09-11T19:00:00.000Z,2026,2026-09,Dhaka,,Other public service,এক্সেল লোড কন্ট্রোল শ্টেসন বাথুলি ধামরাই ঢাকা,2000,1001-5000,False,paid,বাথুলি ধামরাই ঢাকা,"পণ্য বুঝাইকৃত ট্রাক ওভার লোড হওয়ায় বাথুলি এক্সেল লোড কন্ট্রোল শ্টেসন এ জরিমানার নামে ২০০০ টাকা নেয়া হয়, কিন্তু এর জন্য কোন রশিদ দেয়া হয়না, এটা বাংলাদেশের সবচেয়ে বড় চাঁদাবাজির একটি, যেখানে দিনেদুপুরে প্রকাশ্যে চাঁদাবাজি হলেও কোনো ব্যবস্থা নেয়া হচ্ছেনা। সরকার এর বিরুদ্ধে অনতিবিলম্বে ব্যবস্থা গ্রহণ করবেন আশা করছি",11,False,False,https://www.ghush.site/,2026-09-16T15:29:15Z
d5884f38-8607-4524-bbb9-bc770bee1966,2026-09-11T18:00:00.000Z,2026,2026-09,Dhaka,,Land Office,Land record,40000,>10000,True,paid,Manikganj,Taka na dile record hobe na,14,False,False,https://www.ghush.site/,2026-09-16T15:29:15Z
8cc2ad7b-a5a5-45bc-b1dc-559350e28ade,2026-09-11T17:00:00.000Z,2026,2026-09,Rajshahi,,Passport Office,Passport Make,2500,1001-5000,False,paid,Bogura,পাসপোর্ট তৈরি করার জন্য আমার কাছ থেকে অতিরিক্ত ভাবে ২৫০০ টাকা নেওয়া হয় কথা হয়েছিল ১০ বছরের পাসপোর্ট করে দেবে কিন্তু দিয়েছে পাঁচ বছরের অথচ টাকা থেকে নিয়েছে,11,False,False,https://www.ghush.site/,2026-09-16T15:29:15Z
95c8c9aa-b610-44ed-9d7e-6654c144ac46,2026-09-11T17:00:00.000Z,2026,2026-09,Dhaka,,Land Office,নাম খারিজ,100000,>10000,True,pending,Gazipur,"নাম খারিজ করতে টাকা চেয়েছে ডিরেক্টলি চায়নি কিন্তু কাগজ আটকে রেখেছে করতে চাচ্ছে না,, থার্ড পার্টি একজন এসে এই এমাউন্টটি দাবী করেন।",11,False,False,https://www.ghush.site/,2026-09-16T15:29:46Z
a8eb5e11-e30e-491e-b1a6-d578c06d7152,2026-09-11T17:00:00.000Z,2026,2026-09,Mymensingh,,Education Office,৫ম পাশ সার্টিফিকেট সংশোধন,500,<=1000,False,paid,গফরগাঁও,"৫ম পাশ সার্টিফিকেট সংশোধন এর জন্য আবেদন করেছিলাম কিন্তু কম্পিউটার অপারেটর সে ২ সপ্তাহে ঘুরিয়ে বলল ৫০০ টাকা লাগবে, অথচ কোন খরচ নেই সার্টিফিকেট এর মধ্যে কাটা কাটি করে সংশোধন করে দিয়েছেন।",10,False,False,https://www.ghush.site/,2026-09-16T15:29:46Z
6df22a9c-2dca-4edf-aacc-ab17d78f762a,2026-09-11T16:00:00.000Z,2026,2026-09,Khulna,,Accounts Office,এরিয়া বিল,3000,1001-5000,False,paid,মাগুরা,এরিয়া বিল পেতে মাগুরা সদর হিসাবরক্ষন অফিসে ঘুষ দেয়া লাগে। কেউ দিতে না চাইলে তার বিল পাশ করেনা। এমনকি কতটাকা ঘুষ নিবে সেটা নিয়েও দর কষাকষি করে। আমার বিলের ক্ষেত্রেও অগ্রিম টাকা দিতে বাধ্য করা হয়। এছাড়া পে- ফিক্সেশন ও অন্যান্য টিএ ডিএ বিল এ সর্বনিম্ন ৫% ঘুষ দেয়া ছাড়া এনারা কাজ করেন না।,8,False,False,https://www.ghush.site/,2026-09-16T15:29:46Z
d74f89ca-1067-4c88-80cb-c31170d5514f,2026-09-11T16:00:00.000Z,2026,2026-09,Sylhet,,Accounts Office,শ্রান্তি বিনোদন ভাতার জন্য,500,<=1000,False,paid,বানিয়াচং,শ্রান্তি বিনোদন ভাতার টাকার জন্য ৫০০ টাকা ঘুস চেয়েছে,10,False,False,https://www.ghush.site/,2026-09-16T15:29:46Z
35a0dca4-f854-40e7-8761-0cd7e271392e,2026-09-11T16:00:00.000Z,2026,2026-09,Chattogram,,Education Office,শিক্ষা প্রতিষ্ঠানে শিক্ষক হিসেবে যোগদান।,30000,>10000,True,paid,কুমিল্লা,এনটিআরসিএ এর মাধ্যমে সুপারিশ প্রাপ্ত হয়ে এমপিও ভুক্ত মাদ্রাসায় যোগদান করতে প্রতিষ্ঠান প্রদানকে দিতে হয়েছে। এইসব এমপিও ভুক্ত শিক্ষা প্রতিষ্ঠানের প্রধানদেরকে কিছুদিন পরপর সরকারি স্কুল ও কলেজের শিক্ষকদের মতো বদলি বদলি করে দেওয়া উচিত।,1,False,False,https://www.ghush.site/,2026-09-16T15:29:46Z
741e38a8-08a6-44ce-b8b7-285a6ccea08c,2026-09-11T15:00:00.000Z,2026,2026-09,Rajshahi,,City Corporation,বাসা করার জন‍্য হোল্ডিং খোলার আবেদন,1000,<=1000,False,paid,BOGURA,হোল্ডিং খোলার জন‍্য আবেদন করি। সংশ্লিষ্ট ব‍্যক্তি আমার কাছে ১৫০০ টাকা দাবি করে এবং না দিলে দুই মাস সময় লাগবে এরকম বলে। প্রথমে এরিয়ে গেলেও একমাস পর দাবীকৃত টাকা পরিশোধ করি এবং দুইদিনেই হোল্ডিং নাম্বার পাই।,5,False,False,https://www.ghush.site/,2026-09-16T15:29:46Z
97c0b6b4-a8ee-47ca-b10a-4a74889caff6,2026-09-11T14:00:00.000Z,2026,2026-09,Chattogram,,Education Office,অগ্রিম বর্ধিত বেতন,4000,1001-5000,False,paid,চট্টগ্রাম,অগ্রিম বর্ধিত বেতন এর ইনক্রিমেন্ট এড করতে টাকা চাওয়া হয়। অডিটর ইনক্রিমেন্ট এড করার কাজগুলো করে থাকেন। আমরা একসাথে বেশ কয়েকজন এডভান্স ইনক্রিমেন্ট এড করার জন্য আবেদন করেছিলাম। সবার কাছ থেকেই টাকা নেওয়া হয়েছিল।,5,False,False,https://www.ghush.site/,2026-09-16T15:29:46Z
7cc2b998-60d4-45df-ad1c-024b374958fb,2026-09-11T14:00:00.000Z,2026,2026-09,Sylhet,,Land Office,হোল্ডিং নথিভুক্ত করা,3000,1001-5000,False,paid,শ্রীমঙ্গল,"হোল্ডিং তুলার জন্য তহসিল অফিসে যাওয়ার পর তা অন্তভূক্ত করার জন্য টাকা চাওয়া হয়, প্রথমে না দেয়ায় হোল্ডিং অনলাইনে বাতিল করে রাখে, টাকা দেওযার পর খতিয়ান অনুমোদন হয়",5,False,False,https://www.ghush.site/,2026-09-16T15:29:46Z
8ee5df23-a7f9-4af2-b607-52ea214a5746,2026-09-11T14:00:00.000Z,2026,2026-09,Khulna,,Land Office,জমি হেবা সংক্রান্ত,50000,>10000,True,refused,উপজেলা সহর,হেবা সংক্রান্ত সাভাবিক খরচের চেয়ে অতিরিক্ত ৫০০০০ টাকা দাবী করে।,3,False,False,https://www.ghush.site/,2026-09-16T15:29:46Z
98b91b81-a75e-46c1-a658-34eeee9aae5f,2026-09-11T13:00:00.000Z,2026,2026-09,Dhaka,,Tax Office,Certificate required after submission of Company Return.,35000,>10000,True,paid,Dhaka,"Need Certificate submission of Company Return, for this Circle supervisor demand bribe BDT 35000 as their office expense. After that I have paid 7000 for the Income Certificate.",13,False,False,https://www.ghush.site/,2026-09-16T15:29:46Z
2be78449-fb20-472f-8b49-2a82acfc2bcd,2026-09-11T13:00:00.000Z,2026,2026-09,Chattogram,,Passport Office,নতুন ও নবায়ন,1000,<=1000,False,refused,নোয়াখালী,সরকারি মূল্যের বাহিরে আরো 1000+ টাকা অফিসকে দিতে হয়। না দিলে ভুল দেখিয়ে ফিরিয়ে দেয়া হয়।,6,False,False,https://www.ghush.site/,2026-09-16T15:29:46Z
7dab9e98-9c04-494b-aef7-3e2b91b1a08e,2026-09-11T12:00:00.000Z,2026,2026-09,Chattogram,,Passport Office,New Passport,6000,5001-10000,False,paid,Chittagong,"The passport officers created a syndicate. They will refuse your file if you don't come up with an unofficial route. They have rejected my file no reasons. But when submitted my same file with a DALAL (intermediary), they have accepted my file and let me navigate to the next step.",4,False,False,https://www.ghush.site/,2026-09-16T15:29:46Z
d23aaedd-12f3-4c35-ac33-0be11e317003,2026-09-11T12:00:00.000Z,2026,2026-09,Mymensingh,,Passport Office,পাসপোর্ট নবায়ন,3500,1001-5000,False,paid,জামালপুর,নির্ধারিত ফির অতিরিক্ত টাকা প্রদান করলে একটা সিল দেওয়া হয় এবং সকল হয়রানি মুক্ত পাসপোর্ট নবায়ন সম্পন্ন হয়।,5,False,False,https://www.ghush.site/,2026-09-16T15:29:46Z
c130a906-5696-4e7c-a225-79f0d9627420,2026-09-11T11:00:00.000Z,2026,2026-09,Chattogram,,Public Hospital,সরকারি ফ্রি ওষুধ টাকা দিয়ে কিনতে হয়,1000,<=1000,False,paid,নোয়াখালী সদর হাসপাতাল,নোয়াখালী সদর হাসপাতালের অপারেশনের রোগীর কাছে টাকার বিনিময়ে সরকারি ওষুধ বিক্রি করা হয় যা রোগীদের বিনামূল্যে দেওয়ার কথা।,2,False,False,https://www.ghush.site/,2026-09-16T15:29:46Z
712b1c71-b31d-48c9-9f43-b1d36d8f16fd,2026-09-11T10:00:00.000Z,2026,2026-09,Barishal,,Land Office,জমির নাম জারি,7500,5001-10000,False,paid,থানা,"আমি ১০ শতাংশ জমি ক্রয় করি,পরে নাম জারি করতে গেলে ১০০০০ টাকা দাবি করে। আর আমি যদি অনলাইনে নিজে আবেদন করি তা আর সামনেই এগুবে না এমন কি বাতিল করে দেবে এমন কথা বলে আমাকে।পরে আমি ৭৫০০ টাকা মনের ইচ্ছার বিরুদ্ধে দিতে রাজি হই।",4,False,False,https://www.ghush.site/,2026-09-16T15:29:46Z
95492f6b-47da-4bff-9f26-710bc35f587d,2026-09-11T09:00:00.000Z,2026,2026-09,Dhaka,,Other public service,প্রত্যায়ন,250,<=1000,False,paid,কিশোরগঞ্জ,"আমার কাছে সকল প্রমান আছে- এর পরেও ৫০ টাকার বদোলতে ২৫০৳ নিয়েছে চৌদ্দশত ইউনিয়ন। তারা নাকি এই টাকা, মেম্বার, চৌকিদার, কর্মরত সকলেরই ভাগ করতে হয়",93,False,False,https://www.ghush.site/,2026-09-16T15:29:46Z
c05713da-cbe6-460e-a16f-aa8819610249,2026-09-11T09:00:00.000Z,2026,2026-09,Rajshahi,,Land Office,Jomir dolil niye kaj,2500,1001-5000,False,paid,Pabna,jomir dolil tulte o namjari bisoye kaj korte giye 2500 taka ghush dite hoyese,67,False,False,https://www.ghush.site/,2026-09-16T15:29:46Z
388f5e43-ef14-435d-aedf-d5e1ab0f713a,2026-09-11T08:00:00.000Z,2026,2026-09,Chattogram,,Passport Office,নতুন পাসপোর্ট করা,2000,1001-5000,False,paid,চাঁদপুর,নিজে পাসপোর্ট করতে গেলে অযাচিত ভুল ধরে। দালালের মাধ্যমে ঘুষ দিয়ে আসতে হয়েছিল।,63,False,False,https://www.ghush.site/,2026-09-16T15:29:46Z
6f649a7d-bd0b-48de-9cd8-791c892f38e0,2026-09-11T08:00:00.000Z,2026,2026-09,Dhaka,,Land Office,নামজারি,2000,1001-5000,False,paid,"নারায়ণগজ্ঞ, সিদ্ধিরগজ্ঞ, গোদনাইল","নামজারির আবেদন ৫ বার করেছি, কোন সমস্যা না থাকার পরও। পঞ্চম বার এ টাকা দিয়েছি কাজ হয়েগেছে।",56,False,False,https://www.ghush.site/,2026-09-16T15:29:46Z
5fe88e66-3217-43c5-916f-d8eb3a5f557d,2026-09-11T06:00:00.000Z,2026,2026-09,Dhaka,,Other public service,জন্ম নিবন্ধন,200,<=1000,False,paid,"তুমিলিয়া ইউনিয়ন পরিষদ, কালীগঞ্জ, গাজীপুর।","“বিষয়: জন্ম নিবন্ধন কার্যক্রমে সরকার নির্ধারিত ফির চেয়ে অতিরিক্ত টাকা আদায়ের বিরুদ্ধে অভিযোগ।বিবরণ: গাজীপুরের কালীগঞ্জ উপজেলার তুমিলিয়া ইউনিয়নে জন্ম নিবন্ধন করতে সাধারণ মানুষের কাছ থেকে নিয়মবহির্ভূতভাবে অতিরিক্ত টাকা নেওয়া হচ্ছে। সরকারি নিয়ম অনুযায়ী ফি মাত্র ২৫ থেকে ৫০ টাকা হলেও [১] [২], দায়িত্বপ্রাপ্ত ব্যক্তিরা সাধারণ মানুষের অজ্ঞতার সুযোগ নিয়ে যার কাছ থেকে যত পারছে টাকা হাতিয়ে নিচ্ছে। ক্ষেত্রবিশেষে ৩০০ টাকা, ৫০০ টাকা, এমনকি ১,০০০ টাকা পর্যন্ত অবৈধভাবে দাবি করা হচ্ছে এবং আদায় করা হচ্ছে। এই অনিয়ম বন্ধে এবং সাধারণ মানুষের হয়রানি রোধে প্রশাসনের জরুরি হস্তক্ষেপ কামনা করছি। আমিও টাকা দিছি জন্ম নিবন্ধন করার জন্য ২০০ টাকা”",41,False,False,https://www.ghush.site/,2026-09-16T15:29:46Z
2ca18111-d225-4b87-8f61-767d479d466a,2026-09-11T06:00:00.000Z,2026,2026-09,Rajshahi,,Passport Office,নতুন হোক পুরাতন হোক সব পাসপোর্টেই ঘুষ দিয়ে করে নিতে হচ্ছে!,1300,1001-5000,False,paid,রাজশাহী,"রাজশাহী পাসপোর্ট অফিসে ১০০ জনে ৯৯ জনকে ঘুষ দিয়ে পাসপোর্ট করে নিতে হচ্ছে, কোনো ভুল গেলেও ধরে তাকে হেনস্থা করে এই টাকাটা নেয়া হচ্ছে, এর পেছনে আছে আনসার লোক,উচ্চপদস্থ কর্মকর্তারা",6,False,False,https://www.ghush.site/,2026-09-16T15:29:46Z
b7e7032e-ed03-4239-a22f-57ce7ef4ec25,2026-09-11T05:00:00.000Z,2026,2026-09,Dhaka,,Land Office,খাজনা পরিশোধ,500,<=1000,False,pending,ঢাকা,UNDP প্রজেক্টের নাম করে সমস্ত খাজনা পরিশোধ বন্ধ রাখা হয়েছে কিন্তু তহশিল অফিসে গিয়ে ৫০০/১০০০ টাকা দিলে খাজনা পরিশোধ করা যায়। তাই যাদের জরুরি দরকার তারা বাধ্য হয়ে এই বাড়তি টাকা দিচ্ছে,9,False,False,https://www.ghush.site/,2026-09-16T15:29:46Z
4d2d1658-b133-4645-bd38-d0b775331483,2026-09-11T05:00:00.000Z,2026,2026-09,Mymensingh,,Land Office,জমি রেজিষ্ট্রেশন সরকারি খরচ ৫০০০ টাকা। আমার কাছ থেকে পেমেন্ট নেয় ১৩৫০০ টাকা।,13500,>10000,True,paid,কেন্দুয়া সাবরেজিস্টার অফিস,ভেন্ডারের মাধ্যমে দাবি করে টাকা না দিলে জমি রেজিষ্ট্রেশন হবে না।,15,False,False,https://www.ghush.site/,2026-09-16T15:29:46Z
51c759a0-40f0-4344-8f2a-64e1f648e39a,2026-09-11T03:00:00.000Z,2026,2026-09,Chattogram,,Land Office,নামজারি,8000,5001-10000,False,paid,চাঁদপুর,"তারা জমি খরচ করতে ৮ হাজার টাকার নিচে নেয় না, একের অধিক দলিল হলে আরো বেশি দিতে হবে,",3,False,False,https://www.ghush.site/,2026-09-16T15:29:46Z
3bf094ab-e657-48e2-a374-469769d74497,2026-09-11T01:00:00.000Z,2026,2026-09,Rajshahi,,Passport Office,পাসপোর্ট নবায়ন,3000,1001-5000,False,refused,Bogura,"টাকা চাইছিল দেই নি,, ,",9,False,False,https://www.ghush.site/,2026-09-16T15:29:46Z
8658218e-d70c-45cd-a818-ee9564d31b8d,2026-09-10T23:00:00.000Z,2026,2026-09,Khulna,,Accounts Office,সরকারী টাকা উত্তোলন,5000,1001-5000,False,paid,শহর,আমি দেনা পরিশোদের নিমিত্তে সরকারি অর্থ উত্তোলনের জন্য চেক পেতে ঘুষ না দিলে কাজ হবে না।,5,False,False,https://www.ghush.site/,2026-09-16T15:29:46Z
c0d97657-47be-487d-839d-5e14c0233648,2026-09-10T18:00:00.000Z,2026,2026-09,Barishal,,Land Office,দলিল উত্তোলন,3000,1001-5000,False,paid,বরগুনা সাব রেজিস্টার অফিস,আমার একটা দলিল উত্তোলনের প্রয়োজন ছিল তাই দলিল সার্চিং এর জন্য গিয়েছিলাম সেখানে এক অফিস কর্মচারী আমার কাছ থেকে তিন হাজার টাকা নেয় কিন্তু সে আমার কাজ করে দেয় না সার্চিং না দিয়ে বলে দলিল পাই নাই কিন্তু আমার ৩০০০ টাকা নিয়ে নে য় আমি যখন সার্চিং রিপোর্ট চাই তখন সে বলে রিপোর্ট নিতে আরও দুই হাজার টাকা লাগবে কিন্তু আমি পরে সেটা দেই না না দিয়ে চলে আসি বরগুনা সাব রেজিস্টার অফিস কর্মচারী অসাধু এবং ঘুষখোর তাই সরকারের উচিত এখানে নজরদারি করা এবং তাদেরকে আইনের আওতায় নিয়ে আসা,5,False,False,https://www.ghush.site/,2026-09-16T15:29:46Z
cf2b8e97-47e9-4802-9332-8a0100667c79,2026-09-10T18:00:00.000Z,2026,2026-09,Khulna,,Passport Office,Passport,1200,1001-5000,False,paid,Magura,মাগুরা পাসপোর্ট অফিসে সকল কাগজপত্র সঠিক থাকলেও উনারা বিভিন্ন বাহানা তৈরি করেন এবং হয়রানি করেন তারপরে একটা নির্দিষ্ট ঠিকানা বা দোকান এর নাম বলেন সেখানে গিয়ে কাগজ প্রসেসিং করতে বলেন কিন্তু সেখানে গেলে কোন কিছুই করেনা জাস্ট ১২০০ থেকে ২০০০ পর্যন্ত টাকা নেন। তখন ওই দালাল মাধ্যমে উনারা ঠিকই কাগজপত্র জমা নেন।,5,False,False,https://www.ghush.site/,2026-09-16T15:29:46Z
3bc1b1a8-f01b-479c-a11c-cd235aaaa0e9,2026-09-10T18:00:00.000Z,2026,2026-09,Chattogram,,Passport Office,Passport,9000,5001-10000,False,paid,Cumilla,"If donot give money, police donot give clearance",6,False,False,https://www.ghush.site/,2026-09-16T15:29:46Z
28a8c4e3-32e3-4661-9737-c5756ef11df1,2026-09-10T18:00:00.000Z,2026,2026-09,Sylhet,,Public Hospital,নার্স বা স্টাফ,500,<=1000,False,paid,শ্রীমঙ্গল,সরকারি হাসপাতালের নার্সরা বা স্টাফরা ঘুষ না দিলে লড়তে চায় না । টাকা না দিলে অনেক খারাপ ব্যবহার করে ।,9,False,False,https://www.ghush.site/,2026-09-16T15:29:46Z
fc13c9c8-d934-4522-9fb2-994f5948cfeb,2026-09-10T18:00:00.000Z,2026,2026-09,Rajshahi,,Other public service,জাতীয় পরিচয় পত্র কপি উত্তলন।,300,<=1000,False,paid,শিবগঞ্জ,জাতীয় পরিচয় পত্র কপি উত্তলন। আমার কাছে ৩০০ টাকা দাবি করা হয়। রশিদ ছাড়া টাকা পরিশোধ করতে হয়।,5,False,False,https://www.ghush.site/,2026-09-16T15:29:46Z
3809a96c-ae29-40fb-9c8c-80485f73782d,2026-09-10T17:00:00.000Z,2026,2026-09,Rajshahi,,Passport Office,পাসপোর্ট আবেদন কপি জমা দিতে,1500,1001-5000,False,paid,বগুড়া পাসপোর্ট অফিস,আমি মোবাইল দিয়ে ই পাসপোর্ট আবেদন করে সেটা ডাউনলোড করে পিন্ট করে সমস্ত কাগজ পাতি রেডি করে নিয়ে জমা দিতে গিয়ে হেনস্থার শিকার হয়েছি।সব কাগজ পাতি থাকা সত্তেও আবেদন কপি জমা নেয়নি পরে এক দালাল এসে বলে 1500টাকা লাগবে তা না হলে হবে না । মানে দালাল ছারা পাসপোর্ট করা যাচ্ছে না এইতো অবস্থা সব চোর ডাকাত ভরে গেছে সরকারি প্রতিষ্ঠানে।,2,False,False,https://www.ghush.site/,2026-09-16T15:29:46Z
364d1697-4bf4-43e1-b0f1-1785c6b1ab2a,2026-09-10T17:00:00.000Z,2026,2026-09,Khulna,,Land Office,জমির নাম -জারি,5000,1001-5000,False,paid,"চৌগাছা, যশোর",জমির নামপত্তন এর জন্য ৫০০০ হাজার নিছে। যেখানে সারকারি ফী ১১৭০ টাকা। ইউনিয়ন ও উপজেলার সব টেবিলেই টাকা দিতেই হয়। আপনি দিতে বাধ্য হবেনই। তাছাড়া কাজ হয় না।,5,False,False,https://www.ghush.site/,2026-09-16T15:29:46Z
3bb6791c-5c1c-49f1-b469-ce7596bd07d7,2026-09-10T16:00:00.000Z,2026,2026-09,Chattogram,,Tax Office,ট্রেড লাইসেন্স নবায়ন,11500,>10000,True,paid,"চট্টগ্রাম, ই পি জেড,বন্দরটিলা,সিটি করপোরেশন অফিস","আমার দোকানে ট্রেড লাইসেন্সের মেয়াদ শেষ হয়ে গেছে,আমি নবায়ন করতে গেলে তারা ১৫০০০ দাবি করে,শেষ পর্যন্ত ১১৫০০ টাকা দিয়ে করতে বাধ্য হয়।অন্যথায় নবায়ন করবে না।",7,False,False,https://www.ghush.site/,2026-09-16T15:29:46Z
21d96a01-49aa-4d52-b544-2d5da5aa9713,2026-09-10T16:00:00.000Z,2026,2026-09,Sylhet,,Land Office,Namjari,10000,5001-10000,False,paid,Beani bazar,Jomi namjary koray sobai etar songe jorito,3,False,False,https://www.ghush.site/,2026-09-16T15:29:46Z
f728973d-c401-4735-8632-7090ac31822a,2026-09-10T11:00:00.000Z,2026,2026-09,Rajshahi,,Education Office,অবসর ভাতা,30000,>10000,True,pending,সিরাজগঞ্জ,অবসর গ্রহণ ভাতা উত্তোলন করতে এই পরিমাণ টাকা দাবী করা হয়েছে।,9,False,False,https://www.ghush.site/,2026-09-16T15:29:46Z
e541cb0e-7e13-4989-b5ca-464fe0027841,2026-09-10T10:00:00.000Z,2026,2026-09,Barishal,,Passport Office,সেবা,1000,<=1000,False,refused,বরিশাল,"পাসপোর্ট ফর্মে অপশনাল একটি বিষয় মিস্টেক করার কারণে তারা বিভিন্ন কৌশল বা বিভিন্ন আচরণ দেখাছিল, সমাধানের জন্য একটি উপায় ছিল তাদেরকে কিছু অর্থ প্রদান করলে তারা এটা সমাধান করে দেবে, এরকম অভিযোগ আমি ইতিমধ্যে নিউজ চ্যানেলে দেখেছি কিন্তু এখন বাস্তবে তা উপলব্ধি করলাম বিষয়টা আসলে একটা দুঃখজনক অনেকে অর্থ বিনিময় বড় বড় সমস্যাকে কোন সমস্যা মনে না করে সমাধান করে তারা শুধুই টাকা আর তাদের ব্যবহার ছিল জঘন্য",3,False,False,https://www.ghush.site/,2026-09-16T15:29:46Z
cd7af295-af36-4d46-a878-5174967919ee,2026-09-10T10:00:00.000Z,2026,2026-09,Dhaka,,Land Office,জমির রেজিস্ট্রেশান,100000,>10000,True,paid,মধুপুর,"জমির রেজিস্ট্রেশান মধুপুর উপজেলায় টাকা ছাড়া হইনা। টাকা দিলে সব হই। টাকা দিলে দি.সি, এ.সি, ও.সি লেন্দ সহ সব পারমিসন মিলে।",3,False,False,https://www.ghush.site/,2026-09-16T15:29:46Z
28b247d8-96e6-450a-85b6-936f582d93b4,2026-09-10T09:00:00.000Z,2026,2026-09,Khulna,,Accounts Office,এরিয়া বিল,2000,1001-5000,False,refused,খুলনা,একটি প্রাপ্তে এড়িয়ে বিল পাওয়ার জন্য অ্যাকাউন্ট অফিসে এই টাকাটা দাবি করেছিল,1,False,False,https://www.ghush.site/,2026-09-16T15:29:46Z
97e48a6b-23fe-439e-9c18-0d5f9128c343,2026-09-10T07:00:00.000Z,2026,2026-09,Dhaka,,Accounts Office,উচ্চতর গ্রেড প্রাপ্তদের বকেয়া বেতন নেওয়ার জন্য,8000,5001-10000,False,paid,ঢাকা,উচ্চতর গ্রেড প্রাপ্তদের বকেয়া বেতন নেওয়ার জন্য টাকা দিতে হবে না হয় কতদিন পর করবে তার কোন হিসাব নাই।,7,False,False,https://www.ghush.site/,2026-09-16T15:29:46Z
